window_start_utc,window_end_utc,announcement_in_next_window,hours_since_last_announcement,event_count_in_window,official_context_visible,official_incident_active,official_incident_resolved_48h,max_event_strength_72h,max_attention_state_72h,hours_since_latest_context,visible_context_ids
2025-09-17T00:00:00Z,2025-09-17T06:00:00Z,1,,1,0,0,0,0,0,,
2025-09-17T06:00:00Z,2025-09-17T12:00:00Z,0,1.952093,0,0,0,0,0,0,,
2025-09-17T12:00:00Z,2025-09-17T18:00:00Z,0,7.952093,0,0,0,0,0,0,,
2025-09-17T18:00:00Z,2025-09-18T00:00:00Z,0,13.952093,0,0,0,0,0,0,,
2025-09-18T00:00:00Z,2025-09-18T06:00:00Z,0,19.952093,0,0,0,0,0,0,,
2025-09-18T06:00:00Z,2025-09-18T12:00:00Z,0,25.952093,0,0,0,0,0,0,,
2025-09-18T12:00:00Z,2025-09-18T18:00:00Z,0,31.952093,0,0,0,0,0,0,,
2025-09-18T18:00:00Z,2025-09-19T00:00:00Z,0,37.952093,0,0,0,0,0,0,,
2025-09-19T00:00:00Z,2025-09-19T06:00:00Z,0,43.952093,0,0,0,0,0,0,,
2025-09-19T06:00:00Z,2025-09-19T12:00:00Z,0,49.952093,0,0,0,0,0,0,,
2025-09-19T12:00:00Z,2025-09-19T18:00:00Z,0,55.952093,0,0,0,0,0,0,,
2025-09-19T18:00:00Z,2025-09-20T00:00:00Z,0,61.952093,0,0,0,0,0,0,,
2025-09-20T00:00:00Z,2025-09-20T06:00:00Z,0,67.952093,0,0,0,0,0,0,,
2025-09-20T06:00:00Z,2025-09-20T12:00:00Z,0,73.952093,0,0,0,0,0,0,,
2025-09-20T12:00:00Z,2025-09-20T18:00:00Z,0,79.952093,0,0,0,0,0,0,,
2025-09-20T18:00:00Z,2025-09-21T00:00:00Z,0,85.952093,0,0,0,0,0,0,,
2025-09-21T00:00:00Z,2025-09-21T06:00:00Z,0,91.952093,0,0,0,0,0,0,,
2025-09-21T06:00:00Z,2025-09-21T12:00:00Z,0,97.952093,0,0,0,0,0,0,,
2025-09-21T12:00:00Z,2025-09-21T18:00:00Z,0,103.952093,0,0,0,0,0,0,,
2025-09-21T18:00:00Z,2025-09-22T00:00:00Z,0,109.952093,0,0,0,0,0,0,,
2025-09-22T00:00:00Z,2025-09-22T06:00:00Z,0,115.952093,0,0,0,0,0,0,,
2025-09-22T06:00:00Z,2025-09-22T12:00:00Z,0,121.952093,0,0,0,0,0,0,,
2025-09-22T12:00:00Z,2025-09-22T18:00:00Z,0,127.952093,0,0,0,0,0,0,,
2025-09-22T18:00:00Z,2025-09-23T00:00:00Z,0,133.952093,0,0,0,0,0,0,,
2025-09-23T00:00:00Z,2025-09-23T06:00:00Z,0,139.952093,0,1,1,0,4,3,2.033,CTX_STATUS_01K5SPYMA9ZPZW5RGZ8BZ9P4JQ
2025-09-23T06:00:00Z,2025-09-23T12:00:00Z,0,145.952093,0,1,0,1,4,3,8.033,CTX_STATUS_01K5SPYMA9ZPZW5RGZ8BZ9P4JQ
2025-09-23T12:00:00Z,2025-09-23T18:00:00Z,0,151.952093,0,1,0,1,4,3,14.033,CTX_STATUS_01K5SPYMA9ZPZW5RGZ8BZ9P4JQ
2025-09-23T18:00:00Z,2025-09-24T00:00:00Z,0,157.952093,0,1,0,1,4,3,20.033,CTX_STATUS_01K5SPYMA9ZPZW5RGZ8BZ9P4JQ
2025-09-24T00:00:00Z,2025-09-24T06:00:00Z,0,163.952093,0,1,0,1,4,3,26.033,CTX_STATUS_01K5SPYMA9ZPZW5RGZ8BZ9P4JQ
2025-09-24T06:00:00Z,2025-09-24T12:00:00Z,0,169.952093,0,1,0,1,4,3,32.033,CTX_STATUS_01K5SPYMA9ZPZW5RGZ8BZ9P4JQ
2025-09-24T12:00:00Z,2025-09-24T18:00:00Z,0,175.952093,0,1,0,1,4,3,38.033,CTX_STATUS_01K5SPYMA9ZPZW5RGZ8BZ9P4JQ
2025-09-24T18:00:00Z,2025-09-25T00:00:00Z,0,181.952093,0,1,0,1,4,3,44.033,CTX_STATUS_01K5SPYMA9ZPZW5RGZ8BZ9P4JQ
2025-09-25T00:00:00Z,2025-09-25T06:00:00Z,0,187.952093,0,1,0,1,4,3,50.033,CTX_STATUS_01K5SPYMA9ZPZW5RGZ8BZ9P4JQ
2025-09-25T06:00:00Z,2025-09-25T12:00:00Z,0,193.952093,0,1,0,0,4,3,56.033,CTX_STATUS_01K5SPYMA9ZPZW5RGZ8BZ9P4JQ
2025-09-25T12:00:00Z,2025-09-25T18:00:00Z,0,199.952093,0,1,0,0,4,3,62.033,CTX_STATUS_01K5SPYMA9ZPZW5RGZ8BZ9P4JQ
2025-09-25T18:00:00Z,2025-09-26T00:00:00Z,0,205.952093,0,1,0,0,4,3,68.033,CTX_STATUS_01K5SPYMA9ZPZW5RGZ8BZ9P4JQ
2025-09-26T00:00:00Z,2025-09-26T06:00:00Z,0,211.952093,0,0,0,0,0,0,,
2025-09-26T06:00:00Z,2025-09-26T12:00:00Z,0,217.952093,0,0,0,0,0,0,,
2025-09-26T12:00:00Z,2025-09-26T18:00:00Z,0,223.952093,0,0,0,0,0,0,,
2025-09-26T18:00:00Z,2025-09-27T00:00:00Z,0,229.952093,0,0,0,0,0,0,,
2025-09-27T00:00:00Z,2025-09-27T06:00:00Z,0,235.952093,0,0,0,0,0,0,,
2025-09-27T06:00:00Z,2025-09-27T12:00:00Z,0,241.952093,0,0,0,0,0,0,,
2025-09-27T12:00:00Z,2025-09-27T18:00:00Z,0,247.952093,0,0,0,0,0,0,,
2025-09-27T18:00:00Z,2025-09-28T00:00:00Z,0,253.952093,0,0,0,0,0,0,,
2025-09-28T00:00:00Z,2025-09-28T06:00:00Z,0,259.952093,0,0,0,0,0,0,,
2025-09-28T06:00:00Z,2025-09-28T12:00:00Z,0,265.952093,0,0,0,0,0,0,,
2025-09-28T12:00:00Z,2025-09-28T18:00:00Z,0,271.952093,0,0,0,0,0,0,,
2025-09-28T18:00:00Z,2025-09-29T00:00:00Z,0,277.952093,0,0,0,0,0,0,,
2025-09-29T00:00:00Z,2025-09-29T06:00:00Z,0,283.952093,0,0,0,0,0,0,,
2025-09-29T06:00:00Z,2025-09-29T12:00:00Z,0,289.952093,0,0,0,0,0,0,,
2025-09-29T12:00:00Z,2025-09-29T18:00:00Z,0,295.952093,0,0,0,0,0,0,,
2025-09-29T18:00:00Z,2025-09-30T00:00:00Z,0,301.952093,0,0,0,0,0,0,,
2025-09-30T00:00:00Z,2025-09-30T06:00:00Z,0,307.952093,0,0,0,0,0,0,,
2025-09-30T06:00:00Z,2025-09-30T12:00:00Z,0,313.952093,0,0,0,0,0,0,,
2025-09-30T12:00:00Z,2025-09-30T18:00:00Z,0,319.952093,0,0,0,0,0,0,,
2025-09-30T18:00:00Z,2025-10-01T00:00:00Z,0,325.952093,0,0,0,0,0,0,,
2025-10-01T00:00:00Z,2025-10-01T06:00:00Z,0,331.952093,0,0,0,0,0,0,,
2025-10-01T06:00:00Z,2025-10-01T12:00:00Z,0,337.952093,0,0,0,0,0,0,,
2025-10-01T12:00:00Z,2025-10-01T18:00:00Z,0,343.952093,0,0,0,0,0,0,,
2025-10-01T18:00:00Z,2025-10-02T00:00:00Z,0,349.952093,0,0,0,0,0,0,,
2025-10-02T00:00:00Z,2025-10-02T06:00:00Z,0,355.952093,0,0,0,0,0,0,,
2025-10-02T06:00:00Z,2025-10-02T12:00:00Z,0,361.952093,0,0,0,0,0,0,,
2025-10-02T12:00:00Z,2025-10-02T18:00:00Z,0,367.952093,0,0,0,0,0,0,,
2025-10-02T18:00:00Z,2025-10-03T00:00:00Z,0,373.952093,0,0,0,0,0,0,,
2025-10-03T00:00:00Z,2025-10-03T06:00:00Z,0,379.952093,0,1,1,0,4,3,4.467,CTX_STATUS_01K6KAAN7WXN69E8JET8PYB0D5
2025-10-03T06:00:00Z,2025-10-03T12:00:00Z,0,385.952093,0,1,1,0,4,3,10.467,CTX_STATUS_01K6KAAN7WXN69E8JET8PYB0D5
2025-10-03T12:00:00Z,2025-10-03T18:00:00Z,0,391.952093,0,1,1,0,4,3,16.467,CTX_STATUS_01K6KAAN7WXN69E8JET8PYB0D5
2025-10-03T18:00:00Z,2025-10-04T00:00:00Z,0,397.952093,0,1,0,1,4,3,22.467,CTX_STATUS_01K6KAAN7WXN69E8JET8PYB0D5
2025-10-04T00:00:00Z,2025-10-04T06:00:00Z,0,403.952093,0,1,0,1,4,3,28.467,CTX_STATUS_01K6KAAN7WXN69E8JET8PYB0D5
2025-10-04T06:00:00Z,2025-10-04T12:00:00Z,0,409.952093,0,1,0,1,4,3,34.467,CTX_STATUS_01K6KAAN7WXN69E8JET8PYB0D5
2025-10-04T12:00:00Z,2025-10-04T18:00:00Z,0,415.952093,0,1,0,1,4,3,40.467,CTX_STATUS_01K6KAAN7WXN69E8JET8PYB0D5
2025-10-04T18:00:00Z,2025-10-05T00:00:00Z,0,421.952093,0,1,0,1,4,3,46.467,CTX_STATUS_01K6KAAN7WXN69E8JET8PYB0D5
2025-10-05T00:00:00Z,2025-10-05T06:00:00Z,0,427.952093,0,1,0,1,4,3,52.467,CTX_STATUS_01K6KAAN7WXN69E8JET8PYB0D5
2025-10-05T06:00:00Z,2025-10-05T12:00:00Z,0,433.952093,0,1,0,1,4,3,58.467,CTX_STATUS_01K6KAAN7WXN69E8JET8PYB0D5
2025-10-05T12:00:00Z,2025-10-05T18:00:00Z,0,439.952093,0,1,0,1,4,3,64.467,CTX_STATUS_01K6KAAN7WXN69E8JET8PYB0D5
2025-10-05T18:00:00Z,2025-10-06T00:00:00Z,0,445.952093,0,1,0,0,4,3,70.467,CTX_STATUS_01K6KAAN7WXN69E8JET8PYB0D5
2025-10-06T00:00:00Z,2025-10-06T06:00:00Z,0,451.952093,0,0,0,0,0,0,,
2025-10-06T06:00:00Z,2025-10-06T12:00:00Z,0,457.952093,0,0,0,0,0,0,,
2025-10-06T12:00:00Z,2025-10-06T18:00:00Z,0,463.952093,0,0,0,0,0,0,,
2025-10-06T18:00:00Z,2025-10-07T00:00:00Z,0,469.952093,0,0,0,0,0,0,,
2025-10-07T00:00:00Z,2025-10-07T06:00:00Z,0,475.952093,0,0,0,0,0,0,,
2025-10-07T06:00:00Z,2025-10-07T12:00:00Z,0,481.952093,0,0,0,0,0,0,,
2025-10-07T12:00:00Z,2025-10-07T18:00:00Z,0,487.952093,0,0,0,0,0,0,,
2025-10-07T18:00:00Z,2025-10-08T00:00:00Z,0,493.952093,0,0,0,0,0,0,,
2025-10-08T00:00:00Z,2025-10-08T06:00:00Z,0,499.952093,0,0,0,0,0,0,,
2025-10-08T06:00:00Z,2025-10-08T12:00:00Z,0,505.952093,0,0,0,0,0,0,,
2025-10-08T12:00:00Z,2025-10-08T18:00:00Z,0,511.952093,0,0,0,0,0,0,,
2025-10-08T18:00:00Z,2025-10-09T00:00:00Z,0,517.952093,0,0,0,0,0,0,,
2025-10-09T00:00:00Z,2025-10-09T06:00:00Z,0,523.952093,0,0,0,0,0,0,,
2025-10-09T06:00:00Z,2025-10-09T12:00:00Z,0,529.952093,0,0,0,0,0,0,,
2025-10-09T12:00:00Z,2025-10-09T18:00:00Z,0,535.952093,0,0,0,0,0,0,,
2025-10-09T18:00:00Z,2025-10-10T00:00:00Z,0,541.952093,0,0,0,0,0,0,,
2025-10-10T00:00:00Z,2025-10-10T06:00:00Z,0,547.952093,0,0,0,0,0,0,,
2025-10-10T06:00:00Z,2025-10-10T12:00:00Z,0,553.952093,0,0,0,0,0,0,,
2025-10-10T12:00:00Z,2025-10-10T18:00:00Z,0,559.952093,0,0,0,0,0,0,,
2025-10-10T18:00:00Z,2025-10-11T00:00:00Z,0,565.952093,0,0,0,0,0,0,,
2025-10-11T00:00:00Z,2025-10-11T06:00:00Z,0,571.952093,0,0,0,0,0,0,,
2025-10-11T06:00:00Z,2025-10-11T12:00:00Z,0,577.952093,0,0,0,0,0,0,,
2025-10-11T12:00:00Z,2025-10-11T18:00:00Z,0,583.952093,0,0,0,0,0,0,,
2025-10-11T18:00:00Z,2025-10-12T00:00:00Z,0,589.952093,0,0,0,0,0,0,,
2025-10-12T00:00:00Z,2025-10-12T06:00:00Z,0,595.952093,0,0,0,0,0,0,,
2025-10-12T06:00:00Z,2025-10-12T12:00:00Z,0,601.952093,0,0,0,0,0,0,,
2025-10-12T12:00:00Z,2025-10-12T18:00:00Z,0,607.952093,0,0,0,0,0,0,,
2025-10-12T18:00:00Z,2025-10-13T00:00:00Z,0,613.952093,0,0,0,0,0,0,,
2025-10-13T00:00:00Z,2025-10-13T06:00:00Z,0,619.952093,0,0,0,0,0,0,,
2025-10-13T06:00:00Z,2025-10-13T12:00:00Z,0,625.952093,0,0,0,0,0,0,,
2025-10-13T12:00:00Z,2025-10-13T18:00:00Z,0,631.952093,0,0,0,0,0,0,,
2025-10-13T18:00:00Z,2025-10-14T00:00:00Z,0,637.952093,0,0,0,0,0,0,,
2025-10-14T00:00:00Z,2025-10-14T06:00:00Z,0,643.952093,0,0,0,0,0,0,,
2025-10-14T06:00:00Z,2025-10-14T12:00:00Z,0,649.952093,0,0,0,0,0,0,,
2025-10-14T12:00:00Z,2025-10-14T18:00:00Z,0,655.952093,0,0,0,0,0,0,,
2025-10-14T18:00:00Z,2025-10-15T00:00:00Z,0,661.952093,0,0,0,0,0,0,,
2025-10-15T00:00:00Z,2025-10-15T06:00:00Z,0,667.952093,0,0,0,0,0,0,,
2025-10-15T06:00:00Z,2025-10-15T12:00:00Z,0,673.952093,0,0,0,0,0,0,,
2025-10-15T12:00:00Z,2025-10-15T18:00:00Z,0,679.952093,0,0,0,0,0,0,,
2025-10-15T18:00:00Z,2025-10-16T00:00:00Z,0,685.952093,0,0,0,0,0,0,,
2025-10-16T00:00:00Z,2025-10-16T06:00:00Z,0,691.952093,0,0,0,0,0,0,,
2025-10-16T06:00:00Z,2025-10-16T12:00:00Z,0,697.952093,0,0,0,0,0,0,,
2025-10-16T12:00:00Z,2025-10-16T18:00:00Z,0,703.952093,0,0,0,0,0,0,,
2025-10-16T18:00:00Z,2025-10-17T00:00:00Z,0,709.952093,0,0,0,0,0,0,,
2025-10-17T00:00:00Z,2025-10-17T06:00:00Z,0,715.952093,0,0,0,0,0,0,,
2025-10-17T06:00:00Z,2025-10-17T12:00:00Z,0,721.952093,0,0,0,0,0,0,,
2025-10-17T12:00:00Z,2025-10-17T18:00:00Z,0,727.952093,0,0,0,0,0,0,,
2025-10-17T18:00:00Z,2025-10-18T00:00:00Z,0,733.952093,0,0,0,0,0,0,,
2025-10-18T00:00:00Z,2025-10-18T06:00:00Z,0,739.952093,0,0,0,0,0,0,,
2025-10-18T06:00:00Z,2025-10-18T12:00:00Z,0,745.952093,0,0,0,0,0,0,,
2025-10-18T12:00:00Z,2025-10-18T18:00:00Z,0,751.952093,0,0,0,0,0,0,,
2025-10-18T18:00:00Z,2025-10-19T00:00:00Z,0,757.952093,0,0,0,0,0,0,,
2025-10-19T00:00:00Z,2025-10-19T06:00:00Z,0,763.952093,0,0,0,0,0,0,,
2025-10-19T06:00:00Z,2025-10-19T12:00:00Z,0,769.952093,0,0,0,0,0,0,,
2025-10-19T12:00:00Z,2025-10-19T18:00:00Z,0,775.952093,0,0,0,0,0,0,,
2025-10-19T18:00:00Z,2025-10-20T00:00:00Z,0,781.952093,0,0,0,0,0,0,,
2025-10-20T00:00:00Z,2025-10-20T06:00:00Z,0,787.952093,0,0,0,0,0,0,,
2025-10-20T06:00:00Z,2025-10-20T12:00:00Z,0,793.952093,0,0,0,0,0,0,,
2025-10-20T12:00:00Z,2025-10-20T18:00:00Z,0,799.952093,0,0,0,0,0,0,,
2025-10-20T18:00:00Z,2025-10-21T00:00:00Z,0,805.952093,0,0,0,0,0,0,,
2025-10-21T00:00:00Z,2025-10-21T06:00:00Z,0,811.952093,0,0,0,0,0,0,,
2025-10-21T06:00:00Z,2025-10-21T12:00:00Z,0,817.952093,0,0,0,0,0,0,,
2025-10-21T12:00:00Z,2025-10-21T18:00:00Z,0,823.952093,0,0,0,0,0,0,,
2025-10-21T18:00:00Z,2025-10-22T00:00:00Z,0,829.952093,0,0,0,0,0,0,,
2025-10-22T00:00:00Z,2025-10-22T06:00:00Z,0,835.952093,0,0,0,0,0,0,,
2025-10-22T06:00:00Z,2025-10-22T12:00:00Z,0,841.952093,0,0,0,0,0,0,,
2025-10-22T12:00:00Z,2025-10-22T18:00:00Z,0,847.952093,0,0,0,0,0,0,,
2025-10-22T18:00:00Z,2025-10-23T00:00:00Z,0,853.952093,0,0,0,0,0,0,,
2025-10-23T00:00:00Z,2025-10-23T06:00:00Z,0,859.952093,0,0,0,0,0,0,,
2025-10-23T06:00:00Z,2025-10-23T12:00:00Z,0,865.952093,0,0,0,0,0,0,,
2025-10-23T12:00:00Z,2025-10-23T18:00:00Z,0,871.952093,0,0,0,0,0,0,,
2025-10-23T18:00:00Z,2025-10-24T00:00:00Z,0,877.952093,0,0,0,0,0,0,,
2025-10-24T00:00:00Z,2025-10-24T06:00:00Z,0,883.952093,0,0,0,0,0,0,,
2025-10-24T06:00:00Z,2025-10-24T12:00:00Z,0,889.952093,0,0,0,0,0,0,,
2025-10-24T12:00:00Z,2025-10-24T18:00:00Z,0,895.952093,0,0,0,0,0,0,,
2025-10-24T18:00:00Z,2025-10-25T00:00:00Z,0,901.952093,0,0,0,0,0,0,,
2025-10-25T00:00:00Z,2025-10-25T06:00:00Z,0,907.952093,0,0,0,0,0,0,,
2025-10-25T06:00:00Z,2025-10-25T12:00:00Z,0,913.952093,0,0,0,0,0,0,,
2025-10-25T12:00:00Z,2025-10-25T18:00:00Z,0,919.952093,0,0,0,0,0,0,,
2025-10-25T18:00:00Z,2025-10-26T00:00:00Z,0,925.952093,0,0,0,0,0,0,,
2025-10-26T00:00:00Z,2025-10-26T06:00:00Z,0,931.952093,0,0,0,0,0,0,,
2025-10-26T06:00:00Z,2025-10-26T12:00:00Z,0,937.952093,0,0,0,0,0,0,,
2025-10-26T12:00:00Z,2025-10-26T18:00:00Z,0,943.952093,0,0,0,0,0,0,,
2025-10-26T18:00:00Z,2025-10-27T00:00:00Z,0,949.952093,0,0,0,0,0,0,,
2025-10-27T00:00:00Z,2025-10-27T06:00:00Z,0,955.952093,0,0,0,0,0,0,,
2025-10-27T06:00:00Z,2025-10-27T12:00:00Z,0,961.952093,0,0,0,0,0,0,,
2025-10-27T12:00:00Z,2025-10-27T18:00:00Z,0,967.952093,0,0,0,0,0,0,,
2025-10-27T18:00:00Z,2025-10-28T00:00:00Z,0,973.952093,0,0,0,0,0,0,,
2025-10-28T00:00:00Z,2025-10-28T06:00:00Z,0,979.952093,0,0,0,0,0,0,,
2025-10-28T06:00:00Z,2025-10-28T12:00:00Z,0,985.952093,0,0,0,0,0,0,,
2025-10-28T12:00:00Z,2025-10-28T18:00:00Z,0,991.952093,0,0,0,0,0,0,,
2025-10-28T18:00:00Z,2025-10-29T00:00:00Z,0,997.952093,0,0,0,0,0,0,,
2025-10-29T00:00:00Z,2025-10-29T06:00:00Z,0,1003.952093,0,0,0,0,0,0,,
2025-10-29T06:00:00Z,2025-10-29T12:00:00Z,0,1009.952093,0,0,0,0,0,0,,
2025-10-29T12:00:00Z,2025-10-29T18:00:00Z,0,1015.952093,0,0,0,0,0,0,,
2025-10-29T18:00:00Z,2025-10-30T00:00:00Z,0,1021.952093,0,0,0,0,0,0,,
2025-10-30T00:00:00Z,2025-10-30T06:00:00Z,0,1027.952093,0,0,0,0,0,0,,
2025-10-30T06:00:00Z,2025-10-30T12:00:00Z,0,1033.952093,0,0,0,0,0,0,,
2025-10-30T12:00:00Z,2025-10-30T18:00:00Z,0,1039.952093,0,0,0,0,0,0,,
2025-10-30T18:00:00Z,2025-10-31T00:00:00Z,0,1045.952093,0,0,0,0,0,0,,
2025-10-31T00:00:00Z,2025-10-31T06:00:00Z,0,1051.952093,0,0,0,0,0,0,,
2025-10-31T06:00:00Z,2025-10-31T12:00:00Z,0,1057.952093,0,0,0,0,0,0,,
2025-10-31T12:00:00Z,2025-10-31T18:00:00Z,0,1063.952093,0,0,0,0,0,0,,
2025-10-31T18:00:00Z,2025-11-01T00:00:00Z,0,1069.952093,0,0,0,0,0,0,,
2025-11-01T00:00:00Z,2025-11-01T06:00:00Z,0,1075.952093,0,0,0,0,0,0,,
2025-11-01T06:00:00Z,2025-11-01T12:00:00Z,0,1081.952093,0,0,0,0,0,0,,
2025-11-01T12:00:00Z,2025-11-01T18:00:00Z,0,1087.952093,0,0,0,0,0,0,,
2025-11-01T18:00:00Z,2025-11-02T00:00:00Z,0,1093.952093,0,0,0,0,0,0,,
2025-11-02T00:00:00Z,2025-11-02T06:00:00Z,0,1099.952093,0,0,0,0,0,0,,
2025-11-02T06:00:00Z,2025-11-02T12:00:00Z,0,1105.952093,0,0,0,0,0,0,,
2025-11-02T12:00:00Z,2025-11-02T18:00:00Z,0,1111.952093,0,0,0,0,0,0,,
2025-11-02T18:00:00Z,2025-11-03T00:00:00Z,0,1117.952093,0,0,0,0,0,0,,
2025-11-03T00:00:00Z,2025-11-03T06:00:00Z,0,1123.952093,0,0,0,0,0,0,,
2025-11-03T06:00:00Z,2025-11-03T12:00:00Z,0,1129.952093,0,0,0,0,0,0,,
2025-11-03T12:00:00Z,2025-11-03T18:00:00Z,0,1135.952093,0,0,0,0,0,0,,
2025-11-03T18:00:00Z,2025-11-04T00:00:00Z,0,1141.952093,0,0,0,0,0,0,,
2025-11-04T00:00:00Z,2025-11-04T06:00:00Z,0,1147.952093,0,0,0,0,0,0,,
2025-11-04T06:00:00Z,2025-11-04T12:00:00Z,0,1153.952093,0,1,0,1,4,3,1.567,CTX_STATUS_01K96HVTZ8JZRGWPCADHQ9N061
2025-11-04T12:00:00Z,2025-11-04T18:00:00Z,0,1159.952093,0,1,0,1,4,3,7.567,CTX_STATUS_01K96HVTZ8JZRGWPCADHQ9N061
2025-11-04T18:00:00Z,2025-11-05T00:00:00Z,0,1165.952093,0,1,0,1,4,3,13.567,CTX_STATUS_01K96HVTZ8JZRGWPCADHQ9N061
2025-11-05T00:00:00Z,2025-11-05T06:00:00Z,0,1171.952093,0,1,0,1,4,3,19.567,CTX_STATUS_01K96HVTZ8JZRGWPCADHQ9N061
2025-11-05T06:00:00Z,2025-11-05T12:00:00Z,0,1177.952093,0,1,0,1,4,3,25.567,CTX_STATUS_01K96HVTZ8JZRGWPCADHQ9N061
2025-11-05T12:00:00Z,2025-11-05T18:00:00Z,0,1183.952093,0,1,0,1,4,3,31.567,CTX_STATUS_01K96HVTZ8JZRGWPCADHQ9N061
2025-11-05T18:00:00Z,2025-11-06T00:00:00Z,1,1189.952093,1,1,0,1,4,3,37.567,CTX_STATUS_01K96HVTZ8JZRGWPCADHQ9N061
2025-11-06T00:00:00Z,2025-11-06T06:00:00Z,0,3.675059,0,1,0,1,5,3,4.233,CTX_STATUS_01K96HVTZ8JZRGWPCADHQ9N061;CTX_STATUS_01K9ARX310CM6V219R0GF7RNC9
2025-11-06T06:00:00Z,2025-11-06T12:00:00Z,0,9.675059,0,1,0,1,5,3,10.233,CTX_STATUS_01K96HVTZ8JZRGWPCADHQ9N061;CTX_STATUS_01K9ARX310CM6V219R0GF7RNC9
2025-11-06T12:00:00Z,2025-11-06T18:00:00Z,0,15.675059,0,1,0,1,5,3,16.233,CTX_STATUS_01K96HVTZ8JZRGWPCADHQ9N061;CTX_STATUS_01K9ARX310CM6V219R0GF7RNC9
2025-11-06T18:00:00Z,2025-11-07T00:00:00Z,0,21.675059,0,1,0,1,5,3,22.233,CTX_STATUS_01K96HVTZ8JZRGWPCADHQ9N061;CTX_STATUS_01K9ARX310CM6V219R0GF7RNC9
2025-11-07T00:00:00Z,2025-11-07T06:00:00Z,0,27.675059,0,1,0,1,5,3,28.233,CTX_STATUS_01K96HVTZ8JZRGWPCADHQ9N061;CTX_STATUS_01K9ARX310CM6V219R0GF7RNC9
2025-11-07T06:00:00Z,2025-11-07T12:00:00Z,0,33.675059,0,1,0,1,5,3,34.233,CTX_STATUS_01K9ARX310CM6V219R0GF7RNC9
2025-11-07T12:00:00Z,2025-11-07T18:00:00Z,0,39.675059,0,1,0,1,5,3,40.233,CTX_STATUS_01K9ARX310CM6V219R0GF7RNC9
2025-11-07T18:00:00Z,2025-11-08T00:00:00Z,0,45.675059,0,1,0,1,5,3,46.233,CTX_STATUS_01K9ARX310CM6V219R0GF7RNC9
2025-11-08T00:00:00Z,2025-11-08T06:00:00Z,0,51.675059,0,1,1,0,5,3,1.950,CTX_STATUS_01K9ARX310CM6V219R0GF7RNC9;CTX_STATUS_01K9G5H5NM4Y19XW4JJM3SK323
2025-11-08T06:00:00Z,2025-11-08T12:00:00Z,0,57.675059,0,1,0,1,5,3,7.950,CTX_STATUS_01K9ARX310CM6V219R0GF7RNC9;CTX_STATUS_01K9G5H5NM4Y19XW4JJM3SK323
2025-11-08T12:00:00Z,2025-11-08T18:00:00Z,0,63.675059,0,1,0,1,5,3,13.950,CTX_STATUS_01K9ARX310CM6V219R0GF7RNC9;CTX_STATUS_01K9G5H5NM4Y19XW4JJM3SK323
2025-11-08T18:00:00Z,2025-11-09T00:00:00Z,0,69.675059,0,1,0,1,5,3,19.950,CTX_STATUS_01K9ARX310CM6V219R0GF7RNC9;CTX_STATUS_01K9G5H5NM4Y19XW4JJM3SK323
2025-11-09T00:00:00Z,2025-11-09T06:00:00Z,0,75.675059,0,1,0,1,5,3,25.950,CTX_STATUS_01K9G5H5NM4Y19XW4JJM3SK323
2025-11-09T06:00:00Z,2025-11-09T12:00:00Z,0,81.675059,0,1,0,1,5,3,31.950,CTX_STATUS_01K9G5H5NM4Y19XW4JJM3SK323
2025-11-09T12:00:00Z,2025-11-09T18:00:00Z,0,87.675059,0,1,0,1,5,3,37.950,CTX_STATUS_01K9G5H5NM4Y19XW4JJM3SK323
2025-11-09T18:00:00Z,2025-11-10T00:00:00Z,0,93.675059,0,1,0,1,5,3,43.950,CTX_STATUS_01K9G5H5NM4Y19XW4JJM3SK323
2025-11-10T00:00:00Z,2025-11-10T06:00:00Z,0,99.675059,0,1,0,1,5,3,49.950,CTX_STATUS_01K9G5H5NM4Y19XW4JJM3SK323
2025-11-10T06:00:00Z,2025-11-10T12:00:00Z,0,105.675059,0,1,0,0,5,3,55.950,CTX_STATUS_01K9G5H5NM4Y19XW4JJM3SK323
2025-11-10T12:00:00Z,2025-11-10T18:00:00Z,0,111.675059,0,1,0,0,5,3,61.950,CTX_STATUS_01K9G5H5NM4Y19XW4JJM3SK323
2025-11-10T18:00:00Z,2025-11-11T00:00:00Z,0,117.675059,0,1,0,0,5,3,67.950,CTX_STATUS_01K9G5H5NM4Y19XW4JJM3SK323
2025-11-11T00:00:00Z,2025-11-11T06:00:00Z,0,123.675059,0,0,0,0,0,0,,
2025-11-11T06:00:00Z,2025-11-11T12:00:00Z,0,129.675059,0,0,0,0,0,0,,
2025-11-11T12:00:00Z,2025-11-11T18:00:00Z,0,135.675059,0,0,0,0,0,0,,
2025-11-11T18:00:00Z,2025-11-12T00:00:00Z,0,141.675059,0,0,0,0,0,0,,
2025-11-12T00:00:00Z,2025-11-12T06:00:00Z,0,147.675059,0,0,0,0,0,0,,
2025-11-12T06:00:00Z,2025-11-12T12:00:00Z,0,153.675059,0,0,0,0,0,0,,
2025-11-12T12:00:00Z,2025-11-12T18:00:00Z,0,159.675059,0,0,0,0,0,0,,
2025-11-12T18:00:00Z,2025-11-13T00:00:00Z,0,165.675059,0,0,0,0,0,0,,
2025-11-13T00:00:00Z,2025-11-13T06:00:00Z,0,171.675059,0,0,0,0,0,0,,
2025-11-13T06:00:00Z,2025-11-13T12:00:00Z,0,177.675059,0,0,0,0,0,0,,
2025-11-13T12:00:00Z,2025-11-13T18:00:00Z,0,183.675059,0,0,0,0,0,0,,
2025-11-13T18:00:00Z,2025-11-14T00:00:00Z,0,189.675059,0,0,0,0,0,0,,
2025-11-14T00:00:00Z,2025-11-14T06:00:00Z,0,195.675059,0,0,0,0,0,0,,
2025-11-14T06:00:00Z,2025-11-14T12:00:00Z,0,201.675059,0,0,0,0,0,0,,
2025-11-14T12:00:00Z,2025-11-14T18:00:00Z,0,207.675059,0,0,0,0,0,0,,
2025-11-14T18:00:00Z,2025-11-15T00:00:00Z,0,213.675059,0,0,0,0,0,0,,
2025-11-15T00:00:00Z,2025-11-15T06:00:00Z,0,219.675059,0,0,0,0,0,0,,
2025-11-15T06:00:00Z,2025-11-15T12:00:00Z,0,225.675059,0,0,0,0,0,0,,
2025-11-15T12:00:00Z,2025-11-15T18:00:00Z,0,231.675059,0,0,0,0,0,0,,
2025-11-15T18:00:00Z,2025-11-16T00:00:00Z,0,237.675059,0,0,0,0,0,0,,
2025-11-16T00:00:00Z,2025-11-16T06:00:00Z,0,243.675059,0,0,0,0,0,0,,
2025-11-16T06:00:00Z,2025-11-16T12:00:00Z,0,249.675059,0,0,0,0,0,0,,
2025-11-16T12:00:00Z,2025-11-16T18:00:00Z,0,255.675059,0,0,0,0,0,0,,
2025-11-16T18:00:00Z,2025-11-17T00:00:00Z,0,261.675059,0,0,0,0,0,0,,
2025-11-17T00:00:00Z,2025-11-17T06:00:00Z,0,267.675059,0,0,0,0,0,0,,
2025-11-17T06:00:00Z,2025-11-17T12:00:00Z,0,273.675059,0,0,0,0,0,0,,
2025-11-17T12:00:00Z,2025-11-17T18:00:00Z,0,279.675059,0,0,0,0,0,0,,
2025-11-17T18:00:00Z,2025-11-18T00:00:00Z,0,285.675059,0,0,0,0,0,0,,
2025-11-18T00:00:00Z,2025-11-18T06:00:00Z,0,291.675059,0,0,0,0,0,0,,
2025-11-18T06:00:00Z,2025-11-18T12:00:00Z,0,297.675059,0,0,0,0,0,0,,
2025-11-18T12:00:00Z,2025-11-18T18:00:00Z,0,303.675059,0,0,0,0,0,0,,
2025-11-18T18:00:00Z,2025-11-19T00:00:00Z,0,309.675059,0,0,0,0,0,0,,
2025-11-19T00:00:00Z,2025-11-19T06:00:00Z,0,315.675059,0,1,0,1,4,3,2.967,CTX_STATUS_01KACCE2MY2Z917Q4J9ZKXZ9F1
2025-11-19T06:00:00Z,2025-11-19T12:00:00Z,0,321.675059,0,1,0,1,4,3,8.967,CTX_STATUS_01KACCE2MY2Z917Q4J9ZKXZ9F1
2025-11-19T12:00:00Z,2025-11-19T18:00:00Z,0,327.675059,0,1,0,1,4,3,14.967,CTX_STATUS_01KACCE2MY2Z917Q4J9ZKXZ9F1
2025-11-19T18:00:00Z,2025-11-20T00:00:00Z,0,333.675059,0,1,0,1,4,3,20.967,CTX_STATUS_01KACCE2MY2Z917Q4J9ZKXZ9F1
2025-11-20T00:00:00Z,2025-11-20T06:00:00Z,0,339.675059,0,1,0,1,4,3,26.967,CTX_STATUS_01KACCE2MY2Z917Q4J9ZKXZ9F1
2025-11-20T06:00:00Z,2025-11-20T12:00:00Z,0,345.675059,0,1,0,1,4,3,32.967,CTX_STATUS_01KACCE2MY2Z917Q4J9ZKXZ9F1
2025-11-20T12:00:00Z,2025-11-20T18:00:00Z,0,351.675059,0,1,0,1,4,3,38.967,CTX_STATUS_01KACCE2MY2Z917Q4J9ZKXZ9F1
2025-11-20T18:00:00Z,2025-11-21T00:00:00Z,0,357.675059,0,1,0,1,4,3,44.967,CTX_STATUS_01KACCE2MY2Z917Q4J9ZKXZ9F1
2025-11-21T00:00:00Z,2025-11-21T06:00:00Z,0,363.675059,0,1,0,0,4,3,50.967,CTX_STATUS_01KACCE2MY2Z917Q4J9ZKXZ9F1
2025-11-21T06:00:00Z,2025-11-21T12:00:00Z,0,369.675059,0,1,0,0,4,3,56.967,CTX_STATUS_01KACCE2MY2Z917Q4J9ZKXZ9F1
2025-11-21T12:00:00Z,2025-11-21T18:00:00Z,0,375.675059,0,1,0,0,4,3,62.967,CTX_STATUS_01KACCE2MY2Z917Q4J9ZKXZ9F1
2025-11-21T18:00:00Z,2025-11-22T00:00:00Z,0,381.675059,0,1,0,0,4,3,68.967,CTX_STATUS_01KACCE2MY2Z917Q4J9ZKXZ9F1
2025-11-22T00:00:00Z,2025-11-22T06:00:00Z,0,387.675059,0,0,0,0,0,0,,
2025-11-22T06:00:00Z,2025-11-22T12:00:00Z,0,393.675059,0,0,0,0,0,0,,
2025-11-22T12:00:00Z,2025-11-22T18:00:00Z,0,399.675059,0,0,0,0,0,0,,
2025-11-22T18:00:00Z,2025-11-23T00:00:00Z,1,405.675059,1,0,0,0,0,0,,
2025-11-23T00:00:00Z,2025-11-23T06:00:00Z,0,0.767751,0,1,1,0,5,3,1.150,CTX_STATUS_01KAPG4EE5JWEV04TPZ2SNNK8X
2025-11-23T06:00:00Z,2025-11-23T12:00:00Z,0,6.767751,0,1,1,0,5,3,7.150,CTX_STATUS_01KAPG4EE5JWEV04TPZ2SNNK8X
2025-11-23T12:00:00Z,2025-11-23T18:00:00Z,0,12.767751,0,1,0,1,5,3,13.150,CTX_STATUS_01KAPG4EE5JWEV04TPZ2SNNK8X
2025-11-23T18:00:00Z,2025-11-24T00:00:00Z,0,18.767751,0,1,0,1,5,3,19.150,CTX_STATUS_01KAPG4EE5JWEV04TPZ2SNNK8X
2025-11-24T00:00:00Z,2025-11-24T06:00:00Z,0,24.767751,0,1,0,1,5,3,25.150,CTX_STATUS_01KAPG4EE5JWEV04TPZ2SNNK8X
2025-11-24T06:00:00Z,2025-11-24T12:00:00Z,0,30.767751,0,1,0,1,5,3,31.150,CTX_STATUS_01KAPG4EE5JWEV04TPZ2SNNK8X
2025-11-24T12:00:00Z,2025-11-24T18:00:00Z,0,36.767751,0,1,0,1,5,3,37.150,CTX_STATUS_01KAPG4EE5JWEV04TPZ2SNNK8X
2025-11-24T18:00:00Z,2025-11-25T00:00:00Z,0,42.767751,0,1,0,1,5,3,43.150,CTX_STATUS_01KAPG4EE5JWEV04TPZ2SNNK8X
2025-11-25T00:00:00Z,2025-11-25T06:00:00Z,0,48.767751,0,1,0,1,5,3,49.150,CTX_STATUS_01KAPG4EE5JWEV04TPZ2SNNK8X
2025-11-25T06:00:00Z,2025-11-25T12:00:00Z,0,54.767751,0,1,0,1,5,3,55.150,CTX_STATUS_01KAPG4EE5JWEV04TPZ2SNNK8X
2025-11-25T12:00:00Z,2025-11-25T18:00:00Z,0,60.767751,0,1,0,0,5,3,61.150,CTX_STATUS_01KAPG4EE5JWEV04TPZ2SNNK8X
2025-11-25T18:00:00Z,2025-11-26T00:00:00Z,0,66.767751,0,1,0,0,5,3,67.150,CTX_STATUS_01KAPG4EE5JWEV04TPZ2SNNK8X
2025-11-26T00:00:00Z,2025-11-26T06:00:00Z,0,72.767751,0,1,0,1,4,3,4.000,CTX_STATUS_01KAYA3GKDBP7FES5BB7ANZDV7
2025-11-26T06:00:00Z,2025-11-26T12:00:00Z,0,78.767751,0,1,0,1,4,3,5.933,CTX_STATUS_01KAYA3GKDBP7FES5BB7ANZDV7;CTX_STATUS_01KAYQJW0EBMW9MYYBX2WK4TP9
2025-11-26T12:00:00Z,2025-11-26T18:00:00Z,0,84.767751,0,1,0,1,4,3,11.933,CTX_STATUS_01KAYA3GKDBP7FES5BB7ANZDV7;CTX_STATUS_01KAYQJW0EBMW9MYYBX2WK4TP9
2025-11-26T18:00:00Z,2025-11-27T00:00:00Z,0,90.767751,0,1,0,1,4,3,17.933,CTX_STATUS_01KAYA3GKDBP7FES5BB7ANZDV7;CTX_STATUS_01KAYQJW0EBMW9MYYBX2WK4TP9
2025-11-27T00:00:00Z,2025-11-27T06:00:00Z,0,96.767751,0,1,0,1,4,3,23.933,CTX_STATUS_01KAYA3GKDBP7FES5BB7ANZDV7;CTX_STATUS_01KAYQJW0EBMW9MYYBX2WK4TP9
2025-11-27T06:00:00Z,2025-11-27T12:00:00Z,0,102.767751,0,1,0,1,4,3,29.933,CTX_STATUS_01KAYA3GKDBP7FES5BB7ANZDV7;CTX_STATUS_01KAYQJW0EBMW9MYYBX2WK4TP9
2025-11-27T12:00:00Z,2025-11-27T18:00:00Z,0,108.767751,0,1,0,1,4,3,35.933,CTX_STATUS_01KAYA3GKDBP7FES5BB7ANZDV7;CTX_STATUS_01KAYQJW0EBMW9MYYBX2WK4TP9
2025-11-27T18:00:00Z,2025-11-28T00:00:00Z,0,114.767751,0,1,0,1,4,3,41.933,CTX_STATUS_01KAYA3GKDBP7FES5BB7ANZDV7;CTX_STATUS_01KAYQJW0EBMW9MYYBX2WK4TP9
2025-11-28T00:00:00Z,2025-11-28T06:00:00Z,0,120.767751,0,1,0,1,4,3,47.933,CTX_STATUS_01KAYA3GKDBP7FES5BB7ANZDV7;CTX_STATUS_01KAYQJW0EBMW9MYYBX2WK4TP9
2025-11-28T06:00:00Z,2025-11-28T12:00:00Z,0,126.767751,0,1,0,0,4,3,53.933,CTX_STATUS_01KAYA3GKDBP7FES5BB7ANZDV7;CTX_STATUS_01KAYQJW0EBMW9MYYBX2WK4TP9
2025-11-28T12:00:00Z,2025-11-28T18:00:00Z,0,132.767751,0,1,0,0,4,3,59.933,CTX_STATUS_01KAYA3GKDBP7FES5BB7ANZDV7;CTX_STATUS_01KAYQJW0EBMW9MYYBX2WK4TP9
2025-11-28T18:00:00Z,2025-11-29T00:00:00Z,0,138.767751,0,1,0,0,4,3,65.933,CTX_STATUS_01KAYA3GKDBP7FES5BB7ANZDV7;CTX_STATUS_01KAYQJW0EBMW9MYYBX2WK4TP9
2025-11-29T00:00:00Z,2025-11-29T06:00:00Z,0,144.767751,0,1,0,0,4,3,71.933,CTX_STATUS_01KAYQJW0EBMW9MYYBX2WK4TP9
2025-11-29T06:00:00Z,2025-11-29T12:00:00Z,0,150.767751,0,0,0,0,0,0,,
2025-11-29T12:00:00Z,2025-11-29T18:00:00Z,0,156.767751,0,0,0,0,0,0,,
2025-11-29T18:00:00Z,2025-11-30T00:00:00Z,0,162.767751,0,0,0,0,0,0,,
2025-11-30T00:00:00Z,2025-11-30T06:00:00Z,0,168.767751,0,0,0,0,0,0,,
2025-11-30T06:00:00Z,2025-11-30T12:00:00Z,0,174.767751,0,0,0,0,0,0,,
2025-11-30T12:00:00Z,2025-11-30T18:00:00Z,0,180.767751,0,0,0,0,0,0,,
2025-11-30T18:00:00Z,2025-12-01T00:00:00Z,0,186.767751,0,0,0,0,0,0,,
2025-12-01T00:00:00Z,2025-12-01T06:00:00Z,0,192.767751,0,0,0,0,0,0,,
2025-12-01T06:00:00Z,2025-12-01T12:00:00Z,0,198.767751,0,0,0,0,0,0,,
2025-12-01T12:00:00Z,2025-12-01T18:00:00Z,0,204.767751,0,0,0,0,0,0,,
2025-12-01T18:00:00Z,2025-12-02T00:00:00Z,0,210.767751,0,0,0,0,0,0,,
2025-12-02T00:00:00Z,2025-12-02T06:00:00Z,0,216.767751,0,0,0,0,0,0,,
2025-12-02T06:00:00Z,2025-12-02T12:00:00Z,0,222.767751,0,0,0,0,0,0,,
2025-12-02T12:00:00Z,2025-12-02T18:00:00Z,0,228.767751,0,0,0,0,0,0,,
2025-12-02T18:00:00Z,2025-12-03T00:00:00Z,1,234.767751,1,0,0,0,0,0,,
2025-12-03T00:00:00Z,2025-12-03T06:00:00Z,0,1.182519,0,0,0,0,0,0,,
2025-12-03T06:00:00Z,2025-12-03T12:00:00Z,0,7.182519,0,1,0,1,4,3,5.167,CTX_STATUS_01KBGV0B1KYJAGHRD705NWNZXE
2025-12-03T12:00:00Z,2025-12-03T18:00:00Z,0,13.182519,0,1,0,1,4,3,11.167,CTX_STATUS_01KBGV0B1KYJAGHRD705NWNZXE
2025-12-03T18:00:00Z,2025-12-04T00:00:00Z,0,19.182519,0,1,0,1,4,3,17.167,CTX_STATUS_01KBGV0B1KYJAGHRD705NWNZXE
2025-12-04T00:00:00Z,2025-12-04T06:00:00Z,0,25.182519,0,1,0,1,4,3,23.167,CTX_STATUS_01KBGV0B1KYJAGHRD705NWNZXE
2025-12-04T06:00:00Z,2025-12-04T12:00:00Z,0,31.182519,0,1,0,1,4,3,29.167,CTX_STATUS_01KBGV0B1KYJAGHRD705NWNZXE
2025-12-04T12:00:00Z,2025-12-04T18:00:00Z,0,37.182519,0,1,0,1,4,3,35.167,CTX_STATUS_01KBGV0B1KYJAGHRD705NWNZXE
2025-12-04T18:00:00Z,2025-12-05T00:00:00Z,0,43.182519,0,1,0,1,4,3,41.167,CTX_STATUS_01KBGV0B1KYJAGHRD705NWNZXE
2025-12-05T00:00:00Z,2025-12-05T06:00:00Z,0,49.182519,0,1,0,1,4,3,47.167,CTX_STATUS_01KBGV0B1KYJAGHRD705NWNZXE
2025-12-05T06:00:00Z,2025-12-05T12:00:00Z,0,55.182519,0,1,0,0,4,3,53.167,CTX_STATUS_01KBGV0B1KYJAGHRD705NWNZXE
2025-12-05T12:00:00Z,2025-12-05T18:00:00Z,0,61.182519,0,1,0,0,4,3,59.167,CTX_STATUS_01KBGV0B1KYJAGHRD705NWNZXE
2025-12-05T18:00:00Z,2025-12-06T00:00:00Z,0,67.182519,0,1,0,0,4,3,65.167,CTX_STATUS_01KBGV0B1KYJAGHRD705NWNZXE
2025-12-06T00:00:00Z,2025-12-06T06:00:00Z,0,73.182519,0,1,0,0,4,3,71.167,CTX_STATUS_01KBGV0B1KYJAGHRD705NWNZXE
2025-12-06T06:00:00Z,2025-12-06T12:00:00Z,0,79.182519,0,0,0,0,0,0,,
2025-12-06T12:00:00Z,2025-12-06T18:00:00Z,0,85.182519,0,0,0,0,0,0,,
2025-12-06T18:00:00Z,2025-12-07T00:00:00Z,0,91.182519,0,0,0,0,0,0,,
2025-12-07T00:00:00Z,2025-12-07T06:00:00Z,0,97.182519,0,0,0,0,0,0,,
2025-12-07T06:00:00Z,2025-12-07T12:00:00Z,0,103.182519,0,0,0,0,0,0,,
2025-12-07T12:00:00Z,2025-12-07T18:00:00Z,0,109.182519,0,0,0,0,0,0,,
2025-12-07T18:00:00Z,2025-12-08T00:00:00Z,0,115.182519,0,0,0,0,0,0,,
2025-12-08T00:00:00Z,2025-12-08T06:00:00Z,0,121.182519,0,0,0,0,0,0,,
2025-12-08T06:00:00Z,2025-12-08T12:00:00Z,0,127.182519,0,0,0,0,0,0,,
2025-12-08T12:00:00Z,2025-12-08T18:00:00Z,0,133.182519,0,0,0,0,0,0,,
2025-12-08T18:00:00Z,2025-12-09T00:00:00Z,0,139.182519,0,0,0,0,0,0,,
2025-12-09T00:00:00Z,2025-12-09T06:00:00Z,0,145.182519,0,1,1,0,4,3,5.533,CTX_STATUS_01KBZQFTJVFKP90HA3QJ7Q3WBY
2025-12-09T06:00:00Z,2025-12-09T12:00:00Z,0,151.182519,0,1,0,1,4,3,11.533,CTX_STATUS_01KBZQFTJVFKP90HA3QJ7Q3WBY
2025-12-09T12:00:00Z,2025-12-09T18:00:00Z,0,157.182519,0,1,0,1,4,3,17.533,CTX_STATUS_01KBZQFTJVFKP90HA3QJ7Q3WBY
2025-12-09T18:00:00Z,2025-12-10T00:00:00Z,0,163.182519,0,1,0,1,4,3,23.533,CTX_STATUS_01KBZQFTJVFKP90HA3QJ7Q3WBY
2025-12-10T00:00:00Z,2025-12-10T06:00:00Z,0,169.182519,0,1,0,1,4,3,3.600,CTX_STATUS_01KBZQFTJVFKP90HA3QJ7Q3WBY;CTX_STATUS_01KC2CJTQMDW8ZX3S4S4Q8PPNQ
2025-12-10T06:00:00Z,2025-12-10T12:00:00Z,0,175.182519,0,1,0,1,4,3,9.600,CTX_STATUS_01KBZQFTJVFKP90HA3QJ7Q3WBY;CTX_STATUS_01KC2CJTQMDW8ZX3S4S4Q8PPNQ
2025-12-10T12:00:00Z,2025-12-10T18:00:00Z,0,181.182519,0,1,0,1,4,3,15.600,CTX_STATUS_01KBZQFTJVFKP90HA3QJ7Q3WBY;CTX_STATUS_01KC2CJTQMDW8ZX3S4S4Q8PPNQ
2025-12-10T18:00:00Z,2025-12-11T00:00:00Z,0,187.182519,0,1,0,1,4,3,21.600,CTX_STATUS_01KBZQFTJVFKP90HA3QJ7Q3WBY;CTX_STATUS_01KC2CJTQMDW8ZX3S4S4Q8PPNQ
2025-12-11T00:00:00Z,2025-12-11T06:00:00Z,0,193.182519,0,1,0,1,4,3,27.600,CTX_STATUS_01KBZQFTJVFKP90HA3QJ7Q3WBY;CTX_STATUS_01KC2CJTQMDW8ZX3S4S4Q8PPNQ
2025-12-11T06:00:00Z,2025-12-11T12:00:00Z,0,199.182519,0,1,0,1,4,3,33.600,CTX_STATUS_01KBZQFTJVFKP90HA3QJ7Q3WBY;CTX_STATUS_01KC2CJTQMDW8ZX3S4S4Q8PPNQ
2025-12-11T12:00:00Z,2025-12-11T18:00:00Z,0,205.182519,0,1,0,1,4,3,39.600,CTX_STATUS_01KBZQFTJVFKP90HA3QJ7Q3WBY;CTX_STATUS_01KC2CJTQMDW8ZX3S4S4Q8PPNQ
2025-12-11T18:00:00Z,2025-12-12T00:00:00Z,0,211.182519,0,1,1,1,4,3,1.517,CTX_STATUS_01KBZQFTJVFKP90HA3QJ7Q3WBY;CTX_STATUS_01KC2CJTQMDW8ZX3S4S4Q8PPNQ;CTX_STATUS_01KC6WSFM4ECT1Y5XBPF2AMXV9
2025-12-12T00:00:00Z,2025-12-12T06:00:00Z,0,217.182519,0,1,1,0,4,3,7.517,CTX_STATUS_01KC2CJTQMDW8ZX3S4S4Q8PPNQ;CTX_STATUS_01KC6WSFM4ECT1Y5XBPF2AMXV9
2025-12-12T06:00:00Z,2025-12-12T12:00:00Z,0,223.182519,0,1,1,0,4,3,13.517,CTX_STATUS_01KC2CJTQMDW8ZX3S4S4Q8PPNQ;CTX_STATUS_01KC6WSFM4ECT1Y5XBPF2AMXV9
2025-12-12T12:00:00Z,2025-12-12T18:00:00Z,0,229.182519,0,1,1,0,4,3,19.517,CTX_STATUS_01KC2CJTQMDW8ZX3S4S4Q8PPNQ;CTX_STATUS_01KC6WSFM4ECT1Y5XBPF2AMXV9
2025-12-12T18:00:00Z,2025-12-13T00:00:00Z,0,235.182519,0,1,1,0,4,3,25.517,CTX_STATUS_01KC2CJTQMDW8ZX3S4S4Q8PPNQ;CTX_STATUS_01KC6WSFM4ECT1Y5XBPF2AMXV9
2025-12-13T00:00:00Z,2025-12-13T06:00:00Z,0,241.182519,0,1,0,1,4,3,31.517,CTX_STATUS_01KC6WSFM4ECT1Y5XBPF2AMXV9
2025-12-13T06:00:00Z,2025-12-13T12:00:00Z,0,247.182519,0,1,0,1,4,3,37.517,CTX_STATUS_01KC6WSFM4ECT1Y5XBPF2AMXV9
2025-12-13T12:00:00Z,2025-12-13T18:00:00Z,0,253.182519,0,1,0,1,4,3,43.517,CTX_STATUS_01KC6WSFM4ECT1Y5XBPF2AMXV9
2025-12-13T18:00:00Z,2025-12-14T00:00:00Z,0,259.182519,0,1,0,1,4,3,49.517,CTX_STATUS_01KC6WSFM4ECT1Y5XBPF2AMXV9
2025-12-14T00:00:00Z,2025-12-14T06:00:00Z,0,265.182519,0,1,0,1,4,3,55.517,CTX_STATUS_01KC6WSFM4ECT1Y5XBPF2AMXV9
2025-12-14T06:00:00Z,2025-12-14T12:00:00Z,0,271.182519,0,1,0,1,4,3,61.517,CTX_STATUS_01KC6WSFM4ECT1Y5XBPF2AMXV9
2025-12-14T12:00:00Z,2025-12-14T18:00:00Z,0,277.182519,0,1,0,1,4,3,67.517,CTX_STATUS_01KC6WSFM4ECT1Y5XBPF2AMXV9
2025-12-14T18:00:00Z,2025-12-15T00:00:00Z,0,283.182519,0,0,0,0,0,0,,
2025-12-15T00:00:00Z,2025-12-15T06:00:00Z,0,289.182519,0,0,0,0,0,0,,
2025-12-15T06:00:00Z,2025-12-15T12:00:00Z,0,295.182519,0,0,0,0,0,0,,
2025-12-15T12:00:00Z,2025-12-15T18:00:00Z,0,301.182519,0,0,0,0,0,0,,
2025-12-15T18:00:00Z,2025-12-16T00:00:00Z,0,307.182519,0,0,0,0,0,0,,
2025-12-16T00:00:00Z,2025-12-16T06:00:00Z,0,313.182519,0,0,0,0,0,0,,
2025-12-16T06:00:00Z,2025-12-16T12:00:00Z,0,319.182519,0,0,0,0,0,0,,
2025-12-16T12:00:00Z,2025-12-16T18:00:00Z,0,325.182519,0,0,0,0,0,0,,
2025-12-16T18:00:00Z,2025-12-17T00:00:00Z,0,331.182519,0,0,0,0,0,0,,
2025-12-17T00:00:00Z,2025-12-17T06:00:00Z,1,337.182519,1,1,1,0,5,3,3.500,CTX_STATUS_01KCM7PAMQMCM8KAB6ZCWPKNK1
2025-12-17T06:00:00Z,2025-12-17T12:00:00Z,0,3.696109,0,1,0,1,5,3,9.500,CTX_STATUS_01KCM7PAMQMCM8KAB6ZCWPKNK1
2025-12-17T12:00:00Z,2025-12-17T18:00:00Z,0,9.696109,0,1,0,1,5,3,15.500,CTX_STATUS_01KCM7PAMQMCM8KAB6ZCWPKNK1
2025-12-17T18:00:00Z,2025-12-18T00:00:00Z,0,15.696109,0,1,0,1,5,3,21.500,CTX_STATUS_01KCM7PAMQMCM8KAB6ZCWPKNK1
2025-12-18T00:00:00Z,2025-12-18T06:00:00Z,0,21.696109,0,1,0,1,5,3,27.500,CTX_STATUS_01KCM7PAMQMCM8KAB6ZCWPKNK1
2025-12-18T06:00:00Z,2025-12-18T12:00:00Z,0,27.696109,0,1,0,1,5,3,33.500,CTX_STATUS_01KCM7PAMQMCM8KAB6ZCWPKNK1
2025-12-18T12:00:00Z,2025-12-18T18:00:00Z,0,33.696109,0,1,0,1,5,3,39.500,CTX_STATUS_01KCM7PAMQMCM8KAB6ZCWPKNK1
2025-12-18T18:00:00Z,2025-12-19T00:00:00Z,0,39.696109,0,1,0,1,5,3,45.500,CTX_STATUS_01KCM7PAMQMCM8KAB6ZCWPKNK1
2025-12-19T00:00:00Z,2025-12-19T06:00:00Z,0,45.696109,0,1,0,1,5,3,51.500,CTX_STATUS_01KCM7PAMQMCM8KAB6ZCWPKNK1
2025-12-19T06:00:00Z,2025-12-19T12:00:00Z,0,51.696109,0,1,0,0,5,3,57.500,CTX_STATUS_01KCM7PAMQMCM8KAB6ZCWPKNK1
2025-12-19T12:00:00Z,2025-12-19T18:00:00Z,0,57.696109,0,1,0,0,5,3,63.500,CTX_STATUS_01KCM7PAMQMCM8KAB6ZCWPKNK1
2025-12-19T18:00:00Z,2025-12-20T00:00:00Z,1,63.696109,1,1,0,0,5,3,69.500,CTX_STATUS_01KCM7PAMQMCM8KAB6ZCWPKNK1
2025-12-20T00:00:00Z,2025-12-20T06:00:00Z,0,1.972908,0,0,0,0,0,0,,
2025-12-20T06:00:00Z,2025-12-20T12:00:00Z,0,7.972908,0,0,0,0,0,0,,
2025-12-20T12:00:00Z,2025-12-20T18:00:00Z,0,13.972908,0,0,0,0,0,0,,
2025-12-20T18:00:00Z,2025-12-21T00:00:00Z,0,19.972908,0,0,0,0,0,0,,
2025-12-21T00:00:00Z,2025-12-21T06:00:00Z,0,25.972908,0,0,0,0,0,0,,
2025-12-21T06:00:00Z,2025-12-21T12:00:00Z,0,31.972908,0,0,0,0,0,0,,
2025-12-21T12:00:00Z,2025-12-21T18:00:00Z,0,37.972908,0,0,0,0,0,0,,
2025-12-21T18:00:00Z,2025-12-22T00:00:00Z,0,43.972908,0,0,0,0,0,0,,
2025-12-22T00:00:00Z,2025-12-22T06:00:00Z,0,49.972908,0,0,0,0,0,0,,
2025-12-22T06:00:00Z,2025-12-22T12:00:00Z,0,55.972908,0,0,0,0,0,0,,
2025-12-22T12:00:00Z,2025-12-22T18:00:00Z,0,61.972908,0,0,0,0,0,0,,
2025-12-22T18:00:00Z,2025-12-23T00:00:00Z,0,67.972908,0,0,0,0,0,0,,
2025-12-23T00:00:00Z,2025-12-23T06:00:00Z,0,73.972908,0,0,0,0,0,0,,
2025-12-23T06:00:00Z,2025-12-23T12:00:00Z,0,79.972908,0,0,0,0,0,0,,
2025-12-23T12:00:00Z,2025-12-23T18:00:00Z,0,85.972908,0,0,0,0,0,0,,
2025-12-23T18:00:00Z,2025-12-24T00:00:00Z,0,91.972908,0,0,0,0,0,0,,
2025-12-24T00:00:00Z,2025-12-24T06:00:00Z,0,97.972908,0,0,0,0,0,0,,
2025-12-24T06:00:00Z,2025-12-24T12:00:00Z,0,103.972908,0,0,0,0,0,0,,
2025-12-24T12:00:00Z,2025-12-24T18:00:00Z,0,109.972908,0,0,0,0,0,0,,
2025-12-24T18:00:00Z,2025-12-25T00:00:00Z,0,115.972908,0,0,0,0,0,0,,
2025-12-25T00:00:00Z,2025-12-25T06:00:00Z,0,121.972908,0,0,0,0,0,0,,
2025-12-25T06:00:00Z,2025-12-25T12:00:00Z,1,127.972908,1,0,0,0,0,0,,
2025-12-25T12:00:00Z,2025-12-25T18:00:00Z,0,3.982278,0,0,0,0,0,0,,
2025-12-25T18:00:00Z,2025-12-26T00:00:00Z,0,9.982278,0,0,0,0,0,0,,
2025-12-26T00:00:00Z,2025-12-26T06:00:00Z,0,15.982278,0,0,0,0,0,0,,
2025-12-26T06:00:00Z,2025-12-26T12:00:00Z,0,21.982278,0,0,0,0,0,0,,
2025-12-26T12:00:00Z,2025-12-26T18:00:00Z,0,27.982278,0,0,0,0,0,0,,
2025-12-26T18:00:00Z,2025-12-27T00:00:00Z,0,33.982278,0,0,0,0,0,0,,
2025-12-27T00:00:00Z,2025-12-27T06:00:00Z,0,39.982278,0,0,0,0,0,0,,
2025-12-27T06:00:00Z,2025-12-27T12:00:00Z,0,45.982278,0,0,0,0,0,0,,
2025-12-27T12:00:00Z,2025-12-27T18:00:00Z,0,51.982278,0,0,0,0,0,0,,
2025-12-27T18:00:00Z,2025-12-28T00:00:00Z,0,57.982278,0,0,0,0,0,0,,
2025-12-28T00:00:00Z,2025-12-28T06:00:00Z,0,63.982278,0,0,0,0,0,0,,
2025-12-28T06:00:00Z,2025-12-28T12:00:00Z,0,69.982278,0,0,0,0,0,0,,
2025-12-28T12:00:00Z,2025-12-28T18:00:00Z,0,75.982278,0,0,0,0,0,0,,
2025-12-28T18:00:00Z,2025-12-29T00:00:00Z,0,81.982278,0,0,0,0,0,0,,
2025-12-29T00:00:00Z,2025-12-29T06:00:00Z,0,87.982278,0,0,0,0,0,0,,
2025-12-29T06:00:00Z,2025-12-29T12:00:00Z,0,93.982278,0,0,0,0,0,0,,
2025-12-29T12:00:00Z,2025-12-29T18:00:00Z,0,99.982278,0,0,0,0,0,0,,
2025-12-29T18:00:00Z,2025-12-30T00:00:00Z,0,105.982278,0,0,0,0,0,0,,
2025-12-30T00:00:00Z,2025-12-30T06:00:00Z,0,111.982278,0,0,0,0,0,0,,
2025-12-30T06:00:00Z,2025-12-30T12:00:00Z,0,117.982278,0,0,0,0,0,0,,
2025-12-30T12:00:00Z,2025-12-30T18:00:00Z,0,123.982278,0,0,0,0,0,0,,
2025-12-30T18:00:00Z,2025-12-31T00:00:00Z,0,129.982278,0,0,0,0,0,0,,
2025-12-31T00:00:00Z,2025-12-31T06:00:00Z,0,135.982278,0,0,0,0,0,0,,
2025-12-31T06:00:00Z,2025-12-31T12:00:00Z,0,141.982278,0,0,0,0,0,0,,
2025-12-31T12:00:00Z,2025-12-31T18:00:00Z,0,147.982278,0,0,0,0,0,0,,
2025-12-31T18:00:00Z,2026-01-01T00:00:00Z,0,153.982278,0,0,0,0,0,0,,
2026-01-01T00:00:00Z,2026-01-01T06:00:00Z,0,159.982278,0,0,0,0,0,0,,
2026-01-01T06:00:00Z,2026-01-01T12:00:00Z,0,165.982278,0,0,0,0,0,0,,
2026-01-01T12:00:00Z,2026-01-01T18:00:00Z,0,171.982278,0,0,0,0,0,0,,
2026-01-01T18:00:00Z,2026-01-02T00:00:00Z,0,177.982278,0,0,0,0,0,0,,
2026-01-02T00:00:00Z,2026-01-02T06:00:00Z,0,183.982278,0,0,0,0,0,0,,
2026-01-02T06:00:00Z,2026-01-02T12:00:00Z,0,189.982278,0,0,0,0,0,0,,
2026-01-02T12:00:00Z,2026-01-02T18:00:00Z,0,195.982278,0,0,0,0,0,0,,
2026-01-02T18:00:00Z,2026-01-03T00:00:00Z,0,201.982278,0,0,0,0,0,0,,
2026-01-03T00:00:00Z,2026-01-03T06:00:00Z,0,207.982278,0,0,0,0,0,0,,
2026-01-03T06:00:00Z,2026-01-03T12:00:00Z,0,213.982278,0,0,0,0,0,0,,
2026-01-03T12:00:00Z,2026-01-03T18:00:00Z,0,219.982278,0,0,0,0,0,0,,
2026-01-03T18:00:00Z,2026-01-04T00:00:00Z,0,225.982278,0,0,0,0,0,0,,
2026-01-04T00:00:00Z,2026-01-04T06:00:00Z,0,231.982278,0,0,0,0,0,0,,
2026-01-04T06:00:00Z,2026-01-04T12:00:00Z,0,237.982278,0,0,0,0,0,0,,
2026-01-04T12:00:00Z,2026-01-04T18:00:00Z,0,243.982278,0,0,0,0,0,0,,
2026-01-04T18:00:00Z,2026-01-05T00:00:00Z,0,249.982278,0,0,0,0,0,0,,
2026-01-05T00:00:00Z,2026-01-05T06:00:00Z,0,255.982278,0,0,0,0,0,0,,
2026-01-05T06:00:00Z,2026-01-05T12:00:00Z,0,261.982278,0,0,0,0,0,0,,
2026-01-05T12:00:00Z,2026-01-05T18:00:00Z,0,267.982278,0,0,0,0,0,0,,
2026-01-05T18:00:00Z,2026-01-06T00:00:00Z,0,273.982278,0,0,0,0,0,0,,
2026-01-06T00:00:00Z,2026-01-06T06:00:00Z,0,279.982278,0,0,0,0,0,0,,
2026-01-06T06:00:00Z,2026-01-06T12:00:00Z,0,285.982278,0,0,0,0,0,0,,
2026-01-06T12:00:00Z,2026-01-06T18:00:00Z,0,291.982278,0,0,0,0,0,0,,
2026-01-06T18:00:00Z,2026-01-07T00:00:00Z,0,297.982278,0,0,0,0,0,0,,
2026-01-07T00:00:00Z,2026-01-07T06:00:00Z,0,303.982278,0,0,0,0,0,0,,
2026-01-07T06:00:00Z,2026-01-07T12:00:00Z,0,309.982278,0,0,0,0,0,0,,
2026-01-07T12:00:00Z,2026-01-07T18:00:00Z,0,315.982278,0,0,0,0,0,0,,
2026-01-07T18:00:00Z,2026-01-08T00:00:00Z,0,321.982278,0,0,0,0,0,0,,
2026-01-08T00:00:00Z,2026-01-08T06:00:00Z,0,327.982278,0,0,0,0,0,0,,
2026-01-08T06:00:00Z,2026-01-08T12:00:00Z,0,333.982278,0,1,0,1,4,3,3.783,CTX_STATUS_01KEDP2078ND35EQG75BVDZE5E
2026-01-08T12:00:00Z,2026-01-08T18:00:00Z,0,339.982278,0,1,0,1,4,3,9.783,CTX_STATUS_01KEDP2078ND35EQG75BVDZE5E
2026-01-08T18:00:00Z,2026-01-09T00:00:00Z,0,345.982278,0,1,0,1,4,3,15.783,CTX_STATUS_01KEDP2078ND35EQG75BVDZE5E
2026-01-09T00:00:00Z,2026-01-09T06:00:00Z,0,351.982278,0,1,0,1,4,3,21.783,CTX_STATUS_01KEDP2078ND35EQG75BVDZE5E
2026-01-09T06:00:00Z,2026-01-09T12:00:00Z,0,357.982278,0,1,0,1,4,3,27.783,CTX_STATUS_01KEDP2078ND35EQG75BVDZE5E
2026-01-09T12:00:00Z,2026-01-09T18:00:00Z,0,363.982278,0,1,0,1,4,3,33.783,CTX_STATUS_01KEDP2078ND35EQG75BVDZE5E
2026-01-09T18:00:00Z,2026-01-10T00:00:00Z,0,369.982278,0,1,0,1,4,3,39.783,CTX_STATUS_01KEDP2078ND35EQG75BVDZE5E
2026-01-10T00:00:00Z,2026-01-10T06:00:00Z,0,375.982278,0,1,0,1,4,3,45.783,CTX_STATUS_01KEDP2078ND35EQG75BVDZE5E
2026-01-10T06:00:00Z,2026-01-10T12:00:00Z,0,381.982278,0,1,0,0,4,3,51.783,CTX_STATUS_01KEDP2078ND35EQG75BVDZE5E
2026-01-10T12:00:00Z,2026-01-10T18:00:00Z,0,387.982278,0,1,0,0,4,3,57.783,CTX_STATUS_01KEDP2078ND35EQG75BVDZE5E
2026-01-10T18:00:00Z,2026-01-11T00:00:00Z,0,393.982278,0,1,0,0,4,3,63.783,CTX_STATUS_01KEDP2078ND35EQG75BVDZE5E
2026-01-11T00:00:00Z,2026-01-11T06:00:00Z,0,399.982278,0,1,0,0,4,3,69.783,CTX_STATUS_01KEDP2078ND35EQG75BVDZE5E
2026-01-11T06:00:00Z,2026-01-11T12:00:00Z,0,405.982278,0,0,0,0,0,0,,
2026-01-11T12:00:00Z,2026-01-11T18:00:00Z,0,411.982278,0,0,0,0,0,0,,
2026-01-11T18:00:00Z,2026-01-12T00:00:00Z,0,417.982278,0,0,0,0,0,0,,
2026-01-12T00:00:00Z,2026-01-12T06:00:00Z,0,423.982278,0,0,0,0,0,0,,
2026-01-12T06:00:00Z,2026-01-12T12:00:00Z,0,429.982278,0,0,0,0,0,0,,
2026-01-12T12:00:00Z,2026-01-12T18:00:00Z,0,435.982278,0,0,0,0,0,0,,
2026-01-12T18:00:00Z,2026-01-13T00:00:00Z,0,441.982278,0,0,0,0,0,0,,
2026-01-13T00:00:00Z,2026-01-13T06:00:00Z,0,447.982278,0,0,0,0,0,0,,
2026-01-13T06:00:00Z,2026-01-13T12:00:00Z,0,453.982278,0,0,0,0,0,0,,
2026-01-13T12:00:00Z,2026-01-13T18:00:00Z,0,459.982278,0,0,0,0,0,0,,
2026-01-13T18:00:00Z,2026-01-14T00:00:00Z,0,465.982278,0,0,0,0,0,0,,
2026-01-14T00:00:00Z,2026-01-14T06:00:00Z,0,471.982278,0,0,0,0,0,0,,
2026-01-14T06:00:00Z,2026-01-14T12:00:00Z,0,477.982278,0,0,0,0,0,0,,
2026-01-14T12:00:00Z,2026-01-14T18:00:00Z,0,483.982278,0,0,0,0,0,0,,
2026-01-14T18:00:00Z,2026-01-15T00:00:00Z,0,489.982278,0,0,0,0,0,0,,
2026-01-15T00:00:00Z,2026-01-15T06:00:00Z,0,495.982278,0,0,0,0,0,0,,
2026-01-15T06:00:00Z,2026-01-15T12:00:00Z,0,501.982278,0,0,0,0,0,0,,
2026-01-15T12:00:00Z,2026-01-15T18:00:00Z,0,507.982278,0,0,0,0,0,0,,
2026-01-15T18:00:00Z,2026-01-16T00:00:00Z,0,513.982278,0,0,0,0,0,0,,
2026-01-16T00:00:00Z,2026-01-16T06:00:00Z,0,519.982278,0,0,0,0,0,0,,
2026-01-16T06:00:00Z,2026-01-16T12:00:00Z,0,525.982278,0,0,0,0,0,0,,
2026-01-16T12:00:00Z,2026-01-16T18:00:00Z,0,531.982278,0,0,0,0,0,0,,
2026-01-16T18:00:00Z,2026-01-17T00:00:00Z,0,537.982278,0,0,0,0,0,0,,
2026-01-17T00:00:00Z,2026-01-17T06:00:00Z,0,543.982278,0,0,0,0,0,0,,
2026-01-17T06:00:00Z,2026-01-17T12:00:00Z,0,549.982278,0,0,0,0,0,0,,
2026-01-17T12:00:00Z,2026-01-17T18:00:00Z,0,555.982278,0,0,0,0,0,0,,
2026-01-17T18:00:00Z,2026-01-18T00:00:00Z,0,561.982278,0,0,0,0,0,0,,
2026-01-18T00:00:00Z,2026-01-18T06:00:00Z,0,567.982278,0,0,0,0,0,0,,
2026-01-18T06:00:00Z,2026-01-18T12:00:00Z,0,573.982278,0,0,0,0,0,0,,
2026-01-18T12:00:00Z,2026-01-18T18:00:00Z,0,579.982278,0,0,0,0,0,0,,
2026-01-18T18:00:00Z,2026-01-19T00:00:00Z,0,585.982278,0,0,0,0,0,0,,
2026-01-19T00:00:00Z,2026-01-19T06:00:00Z,0,591.982278,0,0,0,0,0,0,,
2026-01-19T06:00:00Z,2026-01-19T12:00:00Z,0,597.982278,0,0,0,0,0,0,,
2026-01-19T12:00:00Z,2026-01-19T18:00:00Z,0,603.982278,0,0,0,0,0,0,,
2026-01-19T18:00:00Z,2026-01-20T00:00:00Z,0,609.982278,0,0,0,0,0,0,,
2026-01-20T00:00:00Z,2026-01-20T06:00:00Z,0,615.982278,0,0,0,0,0,0,,
2026-01-20T06:00:00Z,2026-01-20T12:00:00Z,0,621.982278,0,0,0,0,0,0,,
2026-01-20T12:00:00Z,2026-01-20T18:00:00Z,0,627.982278,0,0,0,0,0,0,,
2026-01-20T18:00:00Z,2026-01-21T00:00:00Z,0,633.982278,0,0,0,0,0,0,,
2026-01-21T00:00:00Z,2026-01-21T06:00:00Z,0,639.982278,0,0,0,0,0,0,,
2026-01-21T06:00:00Z,2026-01-21T12:00:00Z,0,645.982278,0,0,0,0,0,0,,
2026-01-21T12:00:00Z,2026-01-21T18:00:00Z,0,651.982278,0,0,0,0,0,0,,
2026-01-21T18:00:00Z,2026-01-22T00:00:00Z,0,657.982278,0,0,0,0,0,0,,
2026-01-22T00:00:00Z,2026-01-22T06:00:00Z,0,663.982278,0,0,0,0,0,0,,
2026-01-22T06:00:00Z,2026-01-22T12:00:00Z,0,669.982278,0,0,0,0,0,0,,
2026-01-22T12:00:00Z,2026-01-22T18:00:00Z,0,675.982278,0,0,0,0,0,0,,
2026-01-22T18:00:00Z,2026-01-23T00:00:00Z,0,681.982278,0,1,0,1,4,3,3.650,CTX_STATUS_01KFK1A9AAJ246K5G966PSQQJK
2026-01-23T00:00:00Z,2026-01-23T06:00:00Z,0,687.982278,0,1,0,1,4,3,9.650,CTX_STATUS_01KFK1A9AAJ246K5G966PSQQJK
2026-01-23T06:00:00Z,2026-01-23T12:00:00Z,0,693.982278,0,1,0,1,4,3,15.650,CTX_STATUS_01KFK1A9AAJ246K5G966PSQQJK
2026-01-23T12:00:00Z,2026-01-23T18:00:00Z,0,699.982278,0,1,0,1,4,3,21.650,CTX_STATUS_01KFK1A9AAJ246K5G966PSQQJK
2026-01-23T18:00:00Z,2026-01-24T00:00:00Z,0,705.982278,0,1,0,1,4,3,27.650,CTX_STATUS_01KFK1A9AAJ246K5G966PSQQJK
2026-01-24T00:00:00Z,2026-01-24T06:00:00Z,0,711.982278,0,1,0,1,4,3,33.650,CTX_STATUS_01KFK1A9AAJ246K5G966PSQQJK
2026-01-24T06:00:00Z,2026-01-24T12:00:00Z,0,717.982278,0,1,0,1,4,3,39.650,CTX_STATUS_01KFK1A9AAJ246K5G966PSQQJK
2026-01-24T12:00:00Z,2026-01-24T18:00:00Z,0,723.982278,0,1,0,1,4,3,45.650,CTX_STATUS_01KFK1A9AAJ246K5G966PSQQJK
2026-01-24T18:00:00Z,2026-01-25T00:00:00Z,0,729.982278,0,1,0,0,4,3,51.650,CTX_STATUS_01KFK1A9AAJ246K5G966PSQQJK
2026-01-25T00:00:00Z,2026-01-25T06:00:00Z,0,735.982278,0,1,0,0,4,3,57.650,CTX_STATUS_01KFK1A9AAJ246K5G966PSQQJK
2026-01-25T06:00:00Z,2026-01-25T12:00:00Z,0,741.982278,0,1,0,0,4,3,63.650,CTX_STATUS_01KFK1A9AAJ246K5G966PSQQJK
2026-01-25T12:00:00Z,2026-01-25T18:00:00Z,0,747.982278,0,1,0,0,4,3,69.650,CTX_STATUS_01KFK1A9AAJ246K5G966PSQQJK
2026-01-25T18:00:00Z,2026-01-26T00:00:00Z,0,753.982278,0,0,0,0,0,0,,
2026-01-26T00:00:00Z,2026-01-26T06:00:00Z,0,759.982278,0,0,0,0,0,0,,
2026-01-26T06:00:00Z,2026-01-26T12:00:00Z,0,765.982278,0,0,0,0,0,0,,
2026-01-26T12:00:00Z,2026-01-26T18:00:00Z,0,771.982278,0,0,0,0,0,0,,
2026-01-26T18:00:00Z,2026-01-27T00:00:00Z,0,777.982278,0,1,0,1,4,3,1.683,CTX_STATUS_01KFXHMCMQE0EWA7R8RM5F9YW2
2026-01-27T00:00:00Z,2026-01-27T06:00:00Z,0,783.982278,0,1,0,1,4,3,7.683,CTX_STATUS_01KFXHMCMQE0EWA7R8RM5F9YW2
2026-01-27T06:00:00Z,2026-01-27T12:00:00Z,0,789.982278,0,1,0,1,4,3,13.683,CTX_STATUS_01KFXHMCMQE0EWA7R8RM5F9YW2
2026-01-27T12:00:00Z,2026-01-27T18:00:00Z,0,795.982278,0,1,0,1,4,3,2.983,CTX_STATUS_01KFXHMCMQE0EWA7R8RM5F9YW2;CTX_STATUS_01KFZB0A5C1D3TQED136VXFT9W
2026-01-27T18:00:00Z,2026-01-28T00:00:00Z,0,801.982278,0,1,0,1,4,3,8.983,CTX_STATUS_01KFXHMCMQE0EWA7R8RM5F9YW2;CTX_STATUS_01KFZB0A5C1D3TQED136VXFT9W
2026-01-28T00:00:00Z,2026-01-28T06:00:00Z,0,807.982278,0,1,0,1,4,3,14.983,CTX_STATUS_01KFXHMCMQE0EWA7R8RM5F9YW2;CTX_STATUS_01KFZB0A5C1D3TQED136VXFT9W
2026-01-28T06:00:00Z,2026-01-28T12:00:00Z,0,813.982278,0,1,0,1,4,3,20.983,CTX_STATUS_01KFXHMCMQE0EWA7R8RM5F9YW2;CTX_STATUS_01KFZB0A5C1D3TQED136VXFT9W
2026-01-28T12:00:00Z,2026-01-28T18:00:00Z,0,819.982278,0,1,0,1,4,3,26.983,CTX_STATUS_01KFXHMCMQE0EWA7R8RM5F9YW2;CTX_STATUS_01KFZB0A5C1D3TQED136VXFT9W
2026-01-28T18:00:00Z,2026-01-29T00:00:00Z,0,825.982278,0,1,0,1,4,3,32.983,CTX_STATUS_01KFXHMCMQE0EWA7R8RM5F9YW2;CTX_STATUS_01KFZB0A5C1D3TQED136VXFT9W
2026-01-29T00:00:00Z,2026-01-29T06:00:00Z,0,831.982278,0,1,0,1,4,3,38.983,CTX_STATUS_01KFXHMCMQE0EWA7R8RM5F9YW2;CTX_STATUS_01KFZB0A5C1D3TQED136VXFT9W
2026-01-29T06:00:00Z,2026-01-29T12:00:00Z,0,837.982278,0,1,0,1,4,3,44.983,CTX_STATUS_01KFXHMCMQE0EWA7R8RM5F9YW2;CTX_STATUS_01KFZB0A5C1D3TQED136VXFT9W
2026-01-29T12:00:00Z,2026-01-29T18:00:00Z,0,843.982278,0,1,0,0,4,3,50.983,CTX_STATUS_01KFXHMCMQE0EWA7R8RM5F9YW2;CTX_STATUS_01KFZB0A5C1D3TQED136VXFT9W
2026-01-29T18:00:00Z,2026-01-30T00:00:00Z,0,849.982278,0,1,0,0,4,3,56.983,CTX_STATUS_01KFZB0A5C1D3TQED136VXFT9W
2026-01-30T00:00:00Z,2026-01-30T06:00:00Z,0,855.982278,0,1,0,0,4,3,62.983,CTX_STATUS_01KFZB0A5C1D3TQED136VXFT9W
2026-01-30T06:00:00Z,2026-01-30T12:00:00Z,0,861.982278,0,1,0,0,4,3,68.983,CTX_STATUS_01KFZB0A5C1D3TQED136VXFT9W
2026-01-30T12:00:00Z,2026-01-30T18:00:00Z,0,867.982278,0,0,0,0,0,0,,
2026-01-30T18:00:00Z,2026-01-31T00:00:00Z,0,873.982278,0,0,0,0,0,0,,
2026-01-31T00:00:00Z,2026-01-31T06:00:00Z,0,879.982278,0,0,0,0,0,0,,
2026-01-31T06:00:00Z,2026-01-31T12:00:00Z,0,885.982278,0,0,0,0,0,0,,
2026-01-31T12:00:00Z,2026-01-31T18:00:00Z,0,891.982278,0,0,0,0,0,0,,
2026-01-31T18:00:00Z,2026-02-01T00:00:00Z,0,897.982278,0,0,0,0,0,0,,
2026-02-01T00:00:00Z,2026-02-01T06:00:00Z,0,903.982278,0,0,0,0,0,0,,
2026-02-01T06:00:00Z,2026-02-01T12:00:00Z,0,909.982278,0,0,0,0,0,0,,
2026-02-01T12:00:00Z,2026-02-01T18:00:00Z,0,915.982278,0,0,0,0,0,0,,
2026-02-01T18:00:00Z,2026-02-02T00:00:00Z,0,921.982278,0,0,0,0,0,0,,
2026-02-02T00:00:00Z,2026-02-02T06:00:00Z,0,927.982278,0,0,0,0,0,0,,
2026-02-02T06:00:00Z,2026-02-02T12:00:00Z,0,933.982278,0,0,0,0,0,0,,
2026-02-02T12:00:00Z,2026-02-02T18:00:00Z,0,939.982278,0,0,0,0,0,0,,
2026-02-02T18:00:00Z,2026-02-03T00:00:00Z,0,945.982278,0,0,0,0,0,0,,
2026-02-03T00:00:00Z,2026-02-03T06:00:00Z,0,951.982278,0,0,0,0,0,0,,
2026-02-03T06:00:00Z,2026-02-03T12:00:00Z,0,957.982278,0,0,0,0,0,0,,
2026-02-03T12:00:00Z,2026-02-03T18:00:00Z,0,963.982278,0,0,0,0,0,0,,
2026-02-03T18:00:00Z,2026-02-04T00:00:00Z,0,969.982278,0,0,0,0,0,0,,
2026-02-04T00:00:00Z,2026-02-04T06:00:00Z,0,975.982278,0,1,0,1,5,3,3.467,CTX_STATUS_01KGJK9Q6PDB3C3VX6MPCY6106
2026-02-04T06:00:00Z,2026-02-04T12:00:00Z,0,981.982278,0,1,0,1,5,3,9.467,CTX_STATUS_01KGJK9Q6PDB3C3VX6MPCY6106
2026-02-04T12:00:00Z,2026-02-04T18:00:00Z,0,987.982278,0,1,0,1,5,3,15.467,CTX_STATUS_01KGJK9Q6PDB3C3VX6MPCY6106
2026-02-04T18:00:00Z,2026-02-05T00:00:00Z,0,993.982278,0,1,1,1,5,3,0.917,CTX_STATUS_01KGJK9Q6PDB3C3VX6MPCY6106;CTX_STATUS_01KGMVV926ZSCD1MSDBS07AWYA
2026-02-05T00:00:00Z,2026-02-05T06:00:00Z,0,999.982278,0,1,1,1,5,3,1.850,CTX_STATUS_01KGJK9Q6PDB3C3VX6MPCY6106;CTX_STATUS_01KGMVV926ZSCD1MSDBS07AWYA;CTX_STATUS_01KGNJACX0T5CYY1YWS8RNW6S6
2026-02-05T06:00:00Z,2026-02-05T12:00:00Z,0,1005.982278,0,1,0,1,5,3,7.850,CTX_STATUS_01KGJK9Q6PDB3C3VX6MPCY6106;CTX_STATUS_01KGMVV926ZSCD1MSDBS07AWYA;CTX_STATUS_01KGNJACX0T5CYY1YWS8RNW6S6
2026-02-05T12:00:00Z,2026-02-05T18:00:00Z,0,1011.982278,0,1,0,1,5,3,13.850,CTX_STATUS_01KGJK9Q6PDB3C3VX6MPCY6106;CTX_STATUS_01KGMVV926ZSCD1MSDBS07AWYA;CTX_STATUS_01KGNJACX0T5CYY1YWS8RNW6S6
2026-02-05T18:00:00Z,2026-02-06T00:00:00Z,0,1017.982278,0,1,0,1,5,3,19.850,CTX_STATUS_01KGJK9Q6PDB3C3VX6MPCY6106;CTX_STATUS_01KGMVV926ZSCD1MSDBS07AWYA;CTX_STATUS_01KGNJACX0T5CYY1YWS8RNW6S6
2026-02-06T00:00:00Z,2026-02-06T06:00:00Z,0,1023.982278,0,1,0,1,5,3,25.850,CTX_STATUS_01KGJK9Q6PDB3C3VX6MPCY6106;CTX_STATUS_01KGMVV926ZSCD1MSDBS07AWYA;CTX_STATUS_01KGNJACX0T5CYY1YWS8RNW6S6
2026-02-06T06:00:00Z,2026-02-06T12:00:00Z,0,1029.982278,0,1,0,1,5,3,31.850,CTX_STATUS_01KGJK9Q6PDB3C3VX6MPCY6106;CTX_STATUS_01KGMVV926ZSCD1MSDBS07AWYA;CTX_STATUS_01KGNJACX0T5CYY1YWS8RNW6S6
2026-02-06T12:00:00Z,2026-02-06T18:00:00Z,0,1035.982278,0,1,0,1,5,3,37.850,CTX_STATUS_01KGJK9Q6PDB3C3VX6MPCY6106;CTX_STATUS_01KGMVV926ZSCD1MSDBS07AWYA;CTX_STATUS_01KGNJACX0T5CYY1YWS8RNW6S6
2026-02-06T18:00:00Z,2026-02-07T00:00:00Z,0,1041.982278,0,1,0,1,5,3,43.850,CTX_STATUS_01KGJK9Q6PDB3C3VX6MPCY6106;CTX_STATUS_01KGMVV926ZSCD1MSDBS07AWYA;CTX_STATUS_01KGNJACX0T5CYY1YWS8RNW6S6
2026-02-07T00:00:00Z,2026-02-07T06:00:00Z,0,1047.982278,0,1,0,1,4,3,49.850,CTX_STATUS_01KGMVV926ZSCD1MSDBS07AWYA;CTX_STATUS_01KGNJACX0T5CYY1YWS8RNW6S6
2026-02-07T06:00:00Z,2026-02-07T12:00:00Z,0,1053.982278,0,1,0,0,4,3,55.850,CTX_STATUS_01KGMVV926ZSCD1MSDBS07AWYA;CTX_STATUS_01KGNJACX0T5CYY1YWS8RNW6S6
2026-02-07T12:00:00Z,2026-02-07T18:00:00Z,0,1059.982278,0,1,0,0,4,3,61.850,CTX_STATUS_01KGMVV926ZSCD1MSDBS07AWYA;CTX_STATUS_01KGNJACX0T5CYY1YWS8RNW6S6
2026-02-07T18:00:00Z,2026-02-08T00:00:00Z,0,1065.982278,0,1,0,0,4,3,67.850,CTX_STATUS_01KGNJACX0T5CYY1YWS8RNW6S6
2026-02-08T00:00:00Z,2026-02-08T06:00:00Z,0,1071.982278,0,0,0,0,0,0,,
2026-02-08T06:00:00Z,2026-02-08T12:00:00Z,0,1077.982278,0,0,0,0,0,0,,
2026-02-08T12:00:00Z,2026-02-08T18:00:00Z,0,1083.982278,0,0,0,0,0,0,,
2026-02-08T18:00:00Z,2026-02-09T00:00:00Z,0,1089.982278,0,0,0,0,0,0,,
2026-02-09T00:00:00Z,2026-02-09T06:00:00Z,0,1095.982278,0,0,0,0,0,0,,
2026-02-09T06:00:00Z,2026-02-09T12:00:00Z,0,1101.982278,0,0,0,0,0,0,,
2026-02-09T12:00:00Z,2026-02-09T18:00:00Z,0,1107.982278,0,0,0,0,0,0,,
2026-02-09T18:00:00Z,2026-02-10T00:00:00Z,0,1113.982278,0,1,1,0,4,3,1.500,CTX_STATUS_01KH1KTV2VBD62R0MRZFJ13XNE
2026-02-10T00:00:00Z,2026-02-10T06:00:00Z,0,1119.982278,0,1,0,1,4,3,7.500,CTX_STATUS_01KH1KTV2VBD62R0MRZFJ13XNE
2026-02-10T06:00:00Z,2026-02-10T12:00:00Z,0,1125.982278,0,1,0,1,4,3,13.500,CTX_STATUS_01KH1KTV2VBD62R0MRZFJ13XNE
2026-02-10T12:00:00Z,2026-02-10T18:00:00Z,0,1131.982278,0,1,0,1,4,3,19.500,CTX_STATUS_01KH1KTV2VBD62R0MRZFJ13XNE
2026-02-10T18:00:00Z,2026-02-11T00:00:00Z,0,1137.982278,0,1,0,1,4,3,25.500,CTX_STATUS_01KH1KTV2VBD62R0MRZFJ13XNE
2026-02-11T00:00:00Z,2026-02-11T06:00:00Z,0,1143.982278,0,1,0,1,4,3,31.500,CTX_STATUS_01KH1KTV2VBD62R0MRZFJ13XNE
2026-02-11T06:00:00Z,2026-02-11T12:00:00Z,0,1149.982278,0,1,0,1,4,3,37.500,CTX_STATUS_01KH1KTV2VBD62R0MRZFJ13XNE
2026-02-11T12:00:00Z,2026-02-11T18:00:00Z,0,1155.982278,0,1,0,1,4,3,43.500,CTX_STATUS_01KH1KTV2VBD62R0MRZFJ13XNE
2026-02-11T18:00:00Z,2026-02-12T00:00:00Z,0,1161.982278,0,1,0,1,4,3,49.500,CTX_STATUS_01KH1KTV2VBD62R0MRZFJ13XNE
2026-02-12T00:00:00Z,2026-02-12T06:00:00Z,0,1167.982278,0,1,0,0,4,3,55.500,CTX_STATUS_01KH1KTV2VBD62R0MRZFJ13XNE
2026-02-12T06:00:00Z,2026-02-12T12:00:00Z,0,1173.982278,0,1,0,0,4,3,61.500,CTX_STATUS_01KH1KTV2VBD62R0MRZFJ13XNE
2026-02-12T12:00:00Z,2026-02-12T18:00:00Z,0,1179.982278,0,1,0,0,4,3,67.500,CTX_STATUS_01KH1KTV2VBD62R0MRZFJ13XNE
2026-02-12T18:00:00Z,2026-02-13T00:00:00Z,0,1185.982278,0,0,0,0,0,0,,
2026-02-13T00:00:00Z,2026-02-13T06:00:00Z,0,1191.982278,0,1,0,1,4,3,2.667,CTX_STATUS_01KH9WCWZ41K9ST9FGB1V15DFC
2026-02-13T06:00:00Z,2026-02-13T12:00:00Z,0,1197.982278,0,1,0,1,4,3,8.667,CTX_STATUS_01KH9WCWZ41K9ST9FGB1V15DFC
2026-02-13T12:00:00Z,2026-02-13T18:00:00Z,0,1203.982278,0,1,0,1,4,3,14.667,CTX_STATUS_01KH9WCWZ41K9ST9FGB1V15DFC
2026-02-13T18:00:00Z,2026-02-14T00:00:00Z,0,1209.982278,0,1,0,1,4,3,20.667,CTX_STATUS_01KH9WCWZ41K9ST9FGB1V15DFC
2026-02-14T00:00:00Z,2026-02-14T06:00:00Z,0,1215.982278,0,1,0,1,4,3,26.667,CTX_STATUS_01KH9WCWZ41K9ST9FGB1V15DFC
2026-02-14T06:00:00Z,2026-02-14T12:00:00Z,0,1221.982278,0,1,0,1,4,3,32.667,CTX_STATUS_01KH9WCWZ41K9ST9FGB1V15DFC
2026-02-14T12:00:00Z,2026-02-14T18:00:00Z,0,1227.982278,0,1,0,1,4,3,38.667,CTX_STATUS_01KH9WCWZ41K9ST9FGB1V15DFC
2026-02-14T18:00:00Z,2026-02-15T00:00:00Z,0,1233.982278,0,1,0,1,4,3,44.667,CTX_STATUS_01KH9WCWZ41K9ST9FGB1V15DFC
2026-02-15T00:00:00Z,2026-02-15T06:00:00Z,0,1239.982278,0,1,0,0,4,3,50.667,CTX_STATUS_01KH9WCWZ41K9ST9FGB1V15DFC
2026-02-15T06:00:00Z,2026-02-15T12:00:00Z,0,1245.982278,0,1,0,0,4,3,56.667,CTX_STATUS_01KH9WCWZ41K9ST9FGB1V15DFC
2026-02-15T12:00:00Z,2026-02-15T18:00:00Z,0,1251.982278,0,1,0,0,4,3,62.667,CTX_STATUS_01KH9WCWZ41K9ST9FGB1V15DFC
2026-02-15T18:00:00Z,2026-02-16T00:00:00Z,0,1257.982278,0,1,0,0,4,3,68.667,CTX_STATUS_01KH9WCWZ41K9ST9FGB1V15DFC
2026-02-16T00:00:00Z,2026-02-16T06:00:00Z,0,1263.982278,0,0,0,0,0,0,,
2026-02-16T06:00:00Z,2026-02-16T12:00:00Z,0,1269.982278,0,0,0,0,0,0,,
2026-02-16T12:00:00Z,2026-02-16T18:00:00Z,0,1275.982278,0,0,0,0,0,0,,
2026-02-16T18:00:00Z,2026-02-17T00:00:00Z,0,1281.982278,0,1,0,1,4,3,0.550,CTX_STATUS_01KHKQWHXEF4WJY8WGX24RA07R
2026-02-17T00:00:00Z,2026-02-17T06:00:00Z,0,1287.982278,0,1,0,1,4,3,6.550,CTX_STATUS_01KHKQWHXEF4WJY8WGX24RA07R
2026-02-17T06:00:00Z,2026-02-17T12:00:00Z,0,1293.982278,0,1,0,1,4,3,12.550,CTX_STATUS_01KHKQWHXEF4WJY8WGX24RA07R
2026-02-17T12:00:00Z,2026-02-17T18:00:00Z,0,1299.982278,0,1,0,1,4,3,18.550,CTX_STATUS_01KHKQWHXEF4WJY8WGX24RA07R
2026-02-17T18:00:00Z,2026-02-18T00:00:00Z,0,1305.982278,0,1,0,1,4,3,24.550,CTX_STATUS_01KHKQWHXEF4WJY8WGX24RA07R
2026-02-18T00:00:00Z,2026-02-18T06:00:00Z,0,1311.982278,0,1,0,1,4,3,30.550,CTX_STATUS_01KHKQWHXEF4WJY8WGX24RA07R
2026-02-18T06:00:00Z,2026-02-18T12:00:00Z,0,1317.982278,0,1,0,1,4,3,36.550,CTX_STATUS_01KHKQWHXEF4WJY8WGX24RA07R
2026-02-18T12:00:00Z,2026-02-18T18:00:00Z,0,1323.982278,0,1,0,1,4,3,42.550,CTX_STATUS_01KHKQWHXEF4WJY8WGX24RA07R
2026-02-18T18:00:00Z,2026-02-19T00:00:00Z,0,1329.982278,0,1,0,0,4,3,48.550,CTX_STATUS_01KHKQWHXEF4WJY8WGX24RA07R
2026-02-19T00:00:00Z,2026-02-19T06:00:00Z,0,1335.982278,0,1,0,0,4,3,54.550,CTX_STATUS_01KHKQWHXEF4WJY8WGX24RA07R
2026-02-19T06:00:00Z,2026-02-19T12:00:00Z,0,1341.982278,0,1,0,0,4,3,60.550,CTX_STATUS_01KHKQWHXEF4WJY8WGX24RA07R
2026-02-19T12:00:00Z,2026-02-19T18:00:00Z,0,1347.982278,0,1,0,0,4,3,66.550,CTX_STATUS_01KHKQWHXEF4WJY8WGX24RA07R
2026-02-19T18:00:00Z,2026-02-20T00:00:00Z,0,1353.982278,0,0,0,0,0,0,,
2026-02-20T00:00:00Z,2026-02-20T06:00:00Z,0,1359.982278,0,0,0,0,0,0,,
2026-02-20T06:00:00Z,2026-02-20T12:00:00Z,0,1365.982278,0,0,0,0,0,0,,
2026-02-20T12:00:00Z,2026-02-20T18:00:00Z,0,1371.982278,0,0,0,0,0,0,,
2026-02-20T18:00:00Z,2026-02-21T00:00:00Z,0,1377.982278,0,0,0,0,0,0,,
2026-02-21T00:00:00Z,2026-02-21T06:00:00Z,0,1383.982278,0,0,0,0,0,0,,
2026-02-21T06:00:00Z,2026-02-21T12:00:00Z,0,1389.982278,0,0,0,0,0,0,,
2026-02-21T12:00:00Z,2026-02-21T18:00:00Z,0,1395.982278,0,0,0,0,0,0,,
2026-02-21T18:00:00Z,2026-02-22T00:00:00Z,0,1401.982278,0,0,0,0,0,0,,
2026-02-22T00:00:00Z,2026-02-22T06:00:00Z,0,1407.982278,0,0,0,0,0,0,,
2026-02-22T06:00:00Z,2026-02-22T12:00:00Z,0,1413.982278,0,0,0,0,0,0,,
2026-02-22T12:00:00Z,2026-02-22T18:00:00Z,0,1419.982278,0,0,0,0,0,0,,
2026-02-22T18:00:00Z,2026-02-23T00:00:00Z,0,1425.982278,0,0,0,0,0,0,,
2026-02-23T00:00:00Z,2026-02-23T06:00:00Z,0,1431.982278,0,0,0,0,0,0,,
2026-02-23T06:00:00Z,2026-02-23T12:00:00Z,0,1437.982278,0,0,0,0,0,0,,
2026-02-23T12:00:00Z,2026-02-23T18:00:00Z,0,1443.982278,0,0,0,0,0,0,,
2026-02-23T18:00:00Z,2026-02-24T00:00:00Z,0,1449.982278,0,0,0,0,0,0,,
2026-02-24T00:00:00Z,2026-02-24T06:00:00Z,0,1455.982278,0,0,0,0,0,0,,
2026-02-24T06:00:00Z,2026-02-24T12:00:00Z,0,1461.982278,0,0,0,0,0,0,,
2026-02-24T12:00:00Z,2026-02-24T18:00:00Z,0,1467.982278,0,0,0,0,0,0,,
2026-02-24T18:00:00Z,2026-02-25T00:00:00Z,0,1473.982278,0,0,0,0,0,0,,
2026-02-25T00:00:00Z,2026-02-25T06:00:00Z,0,1479.982278,0,0,0,0,0,0,,
2026-02-25T06:00:00Z,2026-02-25T12:00:00Z,0,1485.982278,0,0,0,0,0,0,,
2026-02-25T12:00:00Z,2026-02-25T18:00:00Z,0,1491.982278,0,0,0,0,0,0,,
2026-02-25T18:00:00Z,2026-02-26T00:00:00Z,0,1497.982278,0,0,0,0,0,0,,
2026-02-26T00:00:00Z,2026-02-26T06:00:00Z,0,1503.982278,0,1,0,1,4,3,5.750,CTX_STATUS_01KJB80QA8P62R9X3B71YAZEAK
2026-02-26T06:00:00Z,2026-02-26T12:00:00Z,0,1509.982278,0,1,0,1,4,3,11.750,CTX_STATUS_01KJB80QA8P62R9X3B71YAZEAK
2026-02-26T12:00:00Z,2026-02-26T18:00:00Z,0,1515.982278,0,1,0,1,4,3,17.750,CTX_STATUS_01KJB80QA8P62R9X3B71YAZEAK
2026-02-26T18:00:00Z,2026-02-27T00:00:00Z,0,1521.982278,0,1,0,1,4,3,23.750,CTX_STATUS_01KJB80QA8P62R9X3B71YAZEAK
2026-02-27T00:00:00Z,2026-02-27T06:00:00Z,0,1527.982278,0,1,0,1,4,3,29.750,CTX_STATUS_01KJB80QA8P62R9X3B71YAZEAK
2026-02-27T06:00:00Z,2026-02-27T12:00:00Z,0,1533.982278,0,1,0,1,4,3,35.750,CTX_STATUS_01KJB80QA8P62R9X3B71YAZEAK
2026-02-27T12:00:00Z,2026-02-27T18:00:00Z,0,1539.982278,0,1,0,1,4,3,41.750,CTX_STATUS_01KJB80QA8P62R9X3B71YAZEAK
2026-02-27T18:00:00Z,2026-02-28T00:00:00Z,0,1545.982278,0,1,0,1,4,3,47.750,CTX_STATUS_01KJB80QA8P62R9X3B71YAZEAK
2026-02-28T00:00:00Z,2026-02-28T06:00:00Z,0,1551.982278,0,1,0,0,4,3,53.750,CTX_STATUS_01KJB80QA8P62R9X3B71YAZEAK
2026-02-28T06:00:00Z,2026-02-28T12:00:00Z,0,1557.982278,0,1,0,0,4,3,59.750,CTX_STATUS_01KJB80QA8P62R9X3B71YAZEAK
2026-02-28T12:00:00Z,2026-02-28T18:00:00Z,0,1563.982278,0,1,0,0,4,3,65.750,CTX_STATUS_01KJB80QA8P62R9X3B71YAZEAK
2026-02-28T18:00:00Z,2026-03-01T00:00:00Z,0,1569.982278,0,1,0,0,4,3,71.750,CTX_STATUS_01KJB80QA8P62R9X3B71YAZEAK
2026-03-01T00:00:00Z,2026-03-01T06:00:00Z,0,1575.982278,0,0,0,0,0,0,,
2026-03-01T06:00:00Z,2026-03-01T12:00:00Z,0,1581.982278,0,0,0,0,0,0,,
2026-03-01T12:00:00Z,2026-03-01T18:00:00Z,0,1587.982278,0,0,0,0,0,0,,
2026-03-01T18:00:00Z,2026-03-02T00:00:00Z,0,1593.982278,0,0,0,0,0,0,,
2026-03-02T00:00:00Z,2026-03-02T06:00:00Z,0,1599.982278,0,0,0,0,0,0,,
2026-03-02T06:00:00Z,2026-03-02T12:00:00Z,0,1605.982278,0,0,0,0,0,0,,
2026-03-02T12:00:00Z,2026-03-02T18:00:00Z,0,1611.982278,0,0,0,0,0,0,,
2026-03-02T18:00:00Z,2026-03-03T00:00:00Z,0,1617.982278,0,0,0,0,0,0,,
2026-03-03T00:00:00Z,2026-03-03T06:00:00Z,1,1623.982278,1,0,0,0,0,0,,
2026-03-03T06:00:00Z,2026-03-03T12:00:00Z,0,4.164485,0,1,0,1,4,3,4.167,CTX_STATUS_01KJRP6KJKP51AGPA5FW8FWFFM
2026-03-03T12:00:00Z,2026-03-03T18:00:00Z,0,10.164485,0,1,0,1,4,3,10.167,CTX_STATUS_01KJRP6KJKP51AGPA5FW8FWFFM
2026-03-03T18:00:00Z,2026-03-04T00:00:00Z,0,16.164485,0,1,0,1,4,3,16.167,CTX_STATUS_01KJRP6KJKP51AGPA5FW8FWFFM
2026-03-04T00:00:00Z,2026-03-04T06:00:00Z,0,22.164485,0,1,0,1,4,3,22.167,CTX_STATUS_01KJRP6KJKP51AGPA5FW8FWFFM
2026-03-04T06:00:00Z,2026-03-04T12:00:00Z,0,28.164485,0,1,0,1,4,3,28.167,CTX_STATUS_01KJRP6KJKP51AGPA5FW8FWFFM
2026-03-04T12:00:00Z,2026-03-04T18:00:00Z,0,34.164485,0,1,0,1,4,3,34.167,CTX_STATUS_01KJRP6KJKP51AGPA5FW8FWFFM
2026-03-04T18:00:00Z,2026-03-05T00:00:00Z,1,40.164485,1,1,0,1,4,3,40.167,CTX_STATUS_01KJRP6KJKP51AGPA5FW8FWFFM
2026-03-05T00:00:00Z,2026-03-05T06:00:00Z,0,2.486781,0,1,0,1,4,3,46.167,CTX_STATUS_01KJRP6KJKP51AGPA5FW8FWFFM
2026-03-05T06:00:00Z,2026-03-05T12:00:00Z,0,8.486781,0,1,0,1,4,3,5.217,CTX_STATUS_01KJRP6KJKP51AGPA5FW8FWFFM;CTX_STATUS_01KJXQDJ6P1CG5YNXKZRY2H6RX
2026-03-05T12:00:00Z,2026-03-05T18:00:00Z,0,14.486781,0,1,0,1,4,3,11.217,CTX_STATUS_01KJRP6KJKP51AGPA5FW8FWFFM;CTX_STATUS_01KJXQDJ6P1CG5YNXKZRY2H6RX
2026-03-05T18:00:00Z,2026-03-06T00:00:00Z,0,20.486781,0,1,0,1,4,3,17.217,CTX_STATUS_01KJRP6KJKP51AGPA5FW8FWFFM;CTX_STATUS_01KJXQDJ6P1CG5YNXKZRY2H6RX
2026-03-06T00:00:00Z,2026-03-06T06:00:00Z,0,26.486781,0,1,0,1,4,3,23.217,CTX_STATUS_01KJRP6KJKP51AGPA5FW8FWFFM;CTX_STATUS_01KJXQDJ6P1CG5YNXKZRY2H6RX
2026-03-06T06:00:00Z,2026-03-06T12:00:00Z,0,32.486781,0,1,0,1,4,3,29.217,CTX_STATUS_01KJXQDJ6P1CG5YNXKZRY2H6RX
2026-03-06T12:00:00Z,2026-03-06T18:00:00Z,0,38.486781,0,1,0,1,4,3,35.217,CTX_STATUS_01KJXQDJ6P1CG5YNXKZRY2H6RX
2026-03-06T18:00:00Z,2026-03-07T00:00:00Z,0,44.486781,0,1,0,1,4,3,41.217,CTX_STATUS_01KJXQDJ6P1CG5YNXKZRY2H6RX
2026-03-07T00:00:00Z,2026-03-07T06:00:00Z,0,50.486781,0,1,1,1,4,3,5.412,CTX_2030474136024400173;CTX_STATUS_01KJXQDJ6P1CG5YNXKZRY2H6RX
2026-03-07T06:00:00Z,2026-03-07T12:00:00Z,0,56.486781,0,1,0,1,4,3,11.412,CTX_2030474136024400173;CTX_STATUS_01KJXQDJ6P1CG5YNXKZRY2H6RX
2026-03-07T12:00:00Z,2026-03-07T18:00:00Z,0,62.486781,0,1,0,1,4,3,17.412,CTX_2030474136024400173;CTX_STATUS_01KJXQDJ6P1CG5YNXKZRY2H6RX
2026-03-07T18:00:00Z,2026-03-08T00:00:00Z,0,68.486781,0,1,0,1,4,3,23.412,CTX_2030474136024400173;CTX_STATUS_01KJXQDJ6P1CG5YNXKZRY2H6RX
2026-03-08T00:00:00Z,2026-03-08T06:00:00Z,1,74.486781,1,1,0,1,4,3,29.412,CTX_2030474136024400173;CTX_STATUS_01KJXQDJ6P1CG5YNXKZRY2H6RX
2026-03-08T06:00:00Z,2026-03-08T12:00:00Z,0,3.296369,0,1,0,1,4,3,35.412,CTX_2030474136024400173
2026-03-08T12:00:00Z,2026-03-08T18:00:00Z,0,9.296369,0,1,0,1,4,3,41.412,CTX_2030474136024400173
2026-03-08T18:00:00Z,2026-03-09T00:00:00Z,0,15.296369,0,1,0,1,4,3,47.412,CTX_2030474136024400173
2026-03-09T00:00:00Z,2026-03-09T06:00:00Z,0,21.296369,0,1,0,1,4,3,53.412,CTX_2030474136024400173
2026-03-09T06:00:00Z,2026-03-09T12:00:00Z,0,27.296369,0,1,0,0,4,3,59.412,CTX_2030474136024400173
2026-03-09T12:00:00Z,2026-03-09T18:00:00Z,0,33.296369,0,1,0,0,4,3,65.412,CTX_2030474136024400173
2026-03-09T18:00:00Z,2026-03-10T00:00:00Z,0,39.296369,0,1,1,0,4,3,2.850,CTX_2030474136024400173;CTX_STATUS_01KK9JA8JKQKDW1W24T09NHBYH
2026-03-10T00:00:00Z,2026-03-10T06:00:00Z,1,45.296369,1,1,1,0,4,3,8.850,CTX_STATUS_01KK9JA8JKQKDW1W24T09NHBYH
2026-03-10T06:00:00Z,2026-03-10T12:00:00Z,0,2.137820,0,1,1,0,4,3,14.850,CTX_STATUS_01KK9JA8JKQKDW1W24T09NHBYH
2026-03-10T12:00:00Z,2026-03-10T18:00:00Z,0,8.137820,0,1,1,0,4,3,20.850,CTX_STATUS_01KK9JA8JKQKDW1W24T09NHBYH
2026-03-10T18:00:00Z,2026-03-11T00:00:00Z,0,14.137820,0,1,1,0,4,3,26.850,CTX_STATUS_01KK9JA8JKQKDW1W24T09NHBYH
2026-03-11T00:00:00Z,2026-03-11T06:00:00Z,1,20.137820,1,1,1,0,4,3,32.850,CTX_STATUS_01KK9JA8JKQKDW1W24T09NHBYH
2026-03-11T06:00:00Z,2026-03-11T12:00:00Z,0,0.362978,0,1,1,0,4,3,38.850,CTX_STATUS_01KK9JA8JKQKDW1W24T09NHBYH
2026-03-11T12:00:00Z,2026-03-11T18:00:00Z,0,6.362978,0,1,1,0,4,3,44.850,CTX_STATUS_01KK9JA8JKQKDW1W24T09NHBYH
2026-03-11T18:00:00Z,2026-03-12T00:00:00Z,0,12.362978,0,1,0,1,4,3,50.850,CTX_STATUS_01KK9JA8JKQKDW1W24T09NHBYH
2026-03-12T00:00:00Z,2026-03-12T06:00:00Z,0,18.362978,0,1,0,1,4,3,56.850,CTX_STATUS_01KK9JA8JKQKDW1W24T09NHBYH
2026-03-12T06:00:00Z,2026-03-12T12:00:00Z,0,24.362978,0,1,0,1,4,3,62.850,CTX_STATUS_01KK9JA8JKQKDW1W24T09NHBYH
2026-03-12T12:00:00Z,2026-03-12T18:00:00Z,0,30.362978,0,1,0,1,4,3,68.850,CTX_STATUS_01KK9JA8JKQKDW1W24T09NHBYH
2026-03-12T18:00:00Z,2026-03-13T00:00:00Z,0,36.362978,0,0,0,0,0,0,,
2026-03-13T00:00:00Z,2026-03-13T06:00:00Z,0,42.362978,0,0,0,0,0,0,,
2026-03-13T06:00:00Z,2026-03-13T12:00:00Z,0,48.362978,0,0,0,0,0,0,,
2026-03-13T12:00:00Z,2026-03-13T18:00:00Z,0,54.362978,0,0,0,0,0,0,,
2026-03-13T18:00:00Z,2026-03-14T00:00:00Z,0,60.362978,0,0,0,0,0,0,,
2026-03-14T00:00:00Z,2026-03-14T06:00:00Z,0,66.362978,0,0,0,0,0,0,,
2026-03-14T06:00:00Z,2026-03-14T12:00:00Z,0,72.362978,0,0,0,0,0,0,,
2026-03-14T12:00:00Z,2026-03-14T18:00:00Z,0,78.362978,0,0,0,0,0,0,,
2026-03-14T18:00:00Z,2026-03-15T00:00:00Z,0,84.362978,0,0,0,0,0,0,,
2026-03-15T00:00:00Z,2026-03-15T06:00:00Z,0,90.362978,0,0,0,0,0,0,,
2026-03-15T06:00:00Z,2026-03-15T12:00:00Z,0,96.362978,0,0,0,0,0,0,,
2026-03-15T12:00:00Z,2026-03-15T18:00:00Z,0,102.362978,0,0,0,0,0,0,,
2026-03-15T18:00:00Z,2026-03-16T00:00:00Z,0,108.362978,0,0,0,0,0,0,,
2026-03-16T00:00:00Z,2026-03-16T06:00:00Z,0,114.362978,0,0,0,0,0,0,,
2026-03-16T06:00:00Z,2026-03-16T12:00:00Z,0,120.362978,0,0,0,0,0,0,,
2026-03-16T12:00:00Z,2026-03-16T18:00:00Z,0,126.362978,0,0,0,0,0,0,,
2026-03-16T18:00:00Z,2026-03-17T00:00:00Z,0,132.362978,0,0,0,0,0,0,,
2026-03-17T00:00:00Z,2026-03-17T06:00:00Z,0,138.362978,0,0,0,0,0,0,,
2026-03-17T06:00:00Z,2026-03-17T12:00:00Z,0,144.362978,0,0,0,0,0,0,,
2026-03-17T12:00:00Z,2026-03-17T18:00:00Z,0,150.362978,0,0,0,0,0,0,,
2026-03-17T18:00:00Z,2026-03-18T00:00:00Z,0,156.362978,0,0,0,0,0,0,,
2026-03-18T00:00:00Z,2026-03-18T06:00:00Z,0,162.362978,0,0,0,0,0,0,,
2026-03-18T06:00:00Z,2026-03-18T12:00:00Z,0,168.362978,0,0,0,0,0,0,,
2026-03-18T12:00:00Z,2026-03-18T18:00:00Z,0,174.362978,0,0,0,0,0,0,,
2026-03-18T18:00:00Z,2026-03-19T00:00:00Z,0,180.362978,0,0,0,0,0,0,,
2026-03-19T00:00:00Z,2026-03-19T06:00:00Z,0,186.362978,0,0,0,0,0,0,,
2026-03-19T06:00:00Z,2026-03-19T12:00:00Z,0,192.362978,0,0,0,0,0,0,,
2026-03-19T12:00:00Z,2026-03-19T18:00:00Z,0,198.362978,0,0,0,0,0,0,,
2026-03-19T18:00:00Z,2026-03-20T00:00:00Z,0,204.362978,0,0,0,0,0,0,,
2026-03-20T00:00:00Z,2026-03-20T06:00:00Z,0,210.362978,0,0,0,0,0,0,,
2026-03-20T06:00:00Z,2026-03-20T12:00:00Z,0,216.362978,0,0,0,0,0,0,,
2026-03-20T12:00:00Z,2026-03-20T18:00:00Z,0,222.362978,0,0,0,0,0,0,,
2026-03-20T18:00:00Z,2026-03-21T00:00:00Z,0,228.362978,0,0,0,0,0,0,,
2026-03-21T00:00:00Z,2026-03-21T06:00:00Z,0,234.362978,0,0,0,0,0,0,,
2026-03-21T06:00:00Z,2026-03-21T12:00:00Z,0,240.362978,0,0,0,0,0,0,,
2026-03-21T12:00:00Z,2026-03-21T18:00:00Z,0,246.362978,0,0,0,0,0,0,,
2026-03-21T18:00:00Z,2026-03-22T00:00:00Z,0,252.362978,0,0,0,0,0,0,,
2026-03-22T00:00:00Z,2026-03-22T06:00:00Z,0,258.362978,0,0,0,0,0,0,,
2026-03-22T06:00:00Z,2026-03-22T12:00:00Z,0,264.362978,0,0,0,0,0,0,,
2026-03-22T12:00:00Z,2026-03-22T18:00:00Z,0,270.362978,0,0,0,0,0,0,,
2026-03-22T18:00:00Z,2026-03-23T00:00:00Z,0,276.362978,0,0,0,0,0,0,,
2026-03-23T00:00:00Z,2026-03-23T06:00:00Z,0,282.362978,0,0,0,0,0,0,,
2026-03-23T06:00:00Z,2026-03-23T12:00:00Z,0,288.362978,0,0,0,0,0,0,,
2026-03-23T12:00:00Z,2026-03-23T18:00:00Z,0,294.362978,0,0,0,0,0,0,,
2026-03-23T18:00:00Z,2026-03-24T00:00:00Z,0,300.362978,0,0,0,0,0,0,,
2026-03-24T00:00:00Z,2026-03-24T06:00:00Z,0,306.362978,0,0,0,0,0,0,,
2026-03-24T06:00:00Z,2026-03-24T12:00:00Z,0,312.362978,0,0,0,0,0,0,,
2026-03-24T12:00:00Z,2026-03-24T18:00:00Z,0,318.362978,0,0,0,0,0,0,,
2026-03-24T18:00:00Z,2026-03-25T00:00:00Z,0,324.362978,0,0,0,0,0,0,,
2026-03-25T00:00:00Z,2026-03-25T06:00:00Z,0,330.362978,0,0,0,0,0,0,,
2026-03-25T06:00:00Z,2026-03-25T12:00:00Z,0,336.362978,0,0,0,0,0,0,,
2026-03-25T12:00:00Z,2026-03-25T18:00:00Z,0,342.362978,0,0,0,0,0,0,,
2026-03-25T18:00:00Z,2026-03-26T00:00:00Z,0,348.362978,0,0,0,0,0,0,,
2026-03-26T00:00:00Z,2026-03-26T06:00:00Z,0,354.362978,0,0,0,0,0,0,,
2026-03-26T06:00:00Z,2026-03-26T12:00:00Z,0,360.362978,0,0,0,0,0,0,,
2026-03-26T12:00:00Z,2026-03-26T18:00:00Z,0,366.362978,0,0,0,0,0,0,,
2026-03-26T18:00:00Z,2026-03-27T00:00:00Z,0,372.362978,0,0,0,0,0,0,,
2026-03-27T00:00:00Z,2026-03-27T06:00:00Z,1,378.362978,1,0,0,0,0,0,,
2026-03-27T06:00:00Z,2026-03-27T12:00:00Z,0,4.125286,0,0,0,0,0,0,,
2026-03-27T12:00:00Z,2026-03-27T18:00:00Z,0,10.125286,0,0,0,0,0,0,,
2026-03-27T18:00:00Z,2026-03-28T00:00:00Z,0,16.125286,0,0,0,0,0,0,,
2026-03-28T00:00:00Z,2026-03-28T06:00:00Z,0,22.125286,0,0,0,0,0,0,,
2026-03-28T06:00:00Z,2026-03-28T12:00:00Z,0,28.125286,0,0,0,0,0,0,,
2026-03-28T12:00:00Z,2026-03-28T18:00:00Z,0,34.125286,0,0,0,0,0,0,,
2026-03-28T18:00:00Z,2026-03-29T00:00:00Z,0,40.125286,0,0,0,0,0,0,,
2026-03-29T00:00:00Z,2026-03-29T06:00:00Z,0,46.125286,0,0,0,0,0,0,,
2026-03-29T06:00:00Z,2026-03-29T12:00:00Z,0,52.125286,0,0,0,0,0,0,,
2026-03-29T12:00:00Z,2026-03-29T18:00:00Z,0,58.125286,0,0,0,0,0,0,,
2026-03-29T18:00:00Z,2026-03-30T00:00:00Z,0,64.125286,0,0,0,0,0,0,,
2026-03-30T00:00:00Z,2026-03-30T06:00:00Z,0,70.125286,0,0,0,0,0,0,,
2026-03-30T06:00:00Z,2026-03-30T12:00:00Z,0,76.125286,0,0,0,0,0,0,,
2026-03-30T12:00:00Z,2026-03-30T18:00:00Z,0,82.125286,0,0,0,0,0,0,,
2026-03-30T18:00:00Z,2026-03-31T00:00:00Z,0,88.125286,0,0,0,0,0,0,,
2026-03-31T00:00:00Z,2026-03-31T06:00:00Z,0,94.125286,0,0,0,0,0,0,,
2026-03-31T06:00:00Z,2026-03-31T12:00:00Z,0,100.125286,0,0,0,0,0,0,,
2026-03-31T12:00:00Z,2026-03-31T18:00:00Z,0,106.125286,0,0,0,0,0,0,,
2026-03-31T18:00:00Z,2026-04-01T00:00:00Z,0,112.125286,0,0,0,0,0,0,,
2026-04-01T00:00:00Z,2026-04-01T06:00:00Z,0,118.125286,0,0,0,0,0,0,,
2026-04-01T06:00:00Z,2026-04-01T12:00:00Z,1,124.125286,1,0,0,0,0,0,,
2026-04-01T12:00:00Z,2026-04-01T18:00:00Z,0,4.188903,0,0,0,0,0,0,,
2026-04-01T18:00:00Z,2026-04-02T00:00:00Z,0,10.188902,0,0,0,0,0,0,,
2026-04-02T00:00:00Z,2026-04-02T06:00:00Z,0,16.188903,0,0,0,0,0,0,,
2026-04-02T06:00:00Z,2026-04-02T12:00:00Z,0,22.188903,0,0,0,0,0,0,,
2026-04-02T12:00:00Z,2026-04-02T18:00:00Z,0,28.188903,0,0,0,0,0,0,,
2026-04-02T18:00:00Z,2026-04-03T00:00:00Z,0,34.188902,0,0,0,0,0,0,,
2026-04-03T00:00:00Z,2026-04-03T06:00:00Z,0,40.188902,0,0,0,0,0,0,,
2026-04-03T06:00:00Z,2026-04-03T12:00:00Z,0,46.188902,0,0,0,0,0,0,,
2026-04-03T12:00:00Z,2026-04-03T18:00:00Z,0,52.188902,0,0,0,0,0,0,,
2026-04-03T18:00:00Z,2026-04-04T00:00:00Z,0,58.188902,0,0,0,0,0,0,,
2026-04-04T00:00:00Z,2026-04-04T06:00:00Z,0,64.188902,0,0,0,0,0,0,,
2026-04-04T06:00:00Z,2026-04-04T12:00:00Z,0,70.188902,0,0,0,0,0,0,,
2026-04-04T12:00:00Z,2026-04-04T18:00:00Z,0,76.188902,0,0,0,0,0,0,,
2026-04-04T18:00:00Z,2026-04-05T00:00:00Z,0,82.188902,0,0,0,0,0,0,,
2026-04-05T00:00:00Z,2026-04-05T06:00:00Z,0,88.188902,0,0,0,0,0,0,,
2026-04-05T06:00:00Z,2026-04-05T12:00:00Z,0,94.188902,0,0,0,0,0,0,,
2026-04-05T12:00:00Z,2026-04-05T18:00:00Z,0,100.188902,0,0,0,0,0,0,,
2026-04-05T18:00:00Z,2026-04-06T00:00:00Z,0,106.188902,0,0,0,0,0,0,,
2026-04-06T00:00:00Z,2026-04-06T06:00:00Z,0,112.188902,0,0,0,0,0,0,,
2026-04-06T06:00:00Z,2026-04-06T12:00:00Z,0,118.188902,0,0,0,0,0,0,,
2026-04-06T12:00:00Z,2026-04-06T18:00:00Z,0,124.188902,0,0,0,0,0,0,,
2026-04-06T18:00:00Z,2026-04-07T00:00:00Z,0,130.188903,0,0,0,0,0,0,,
2026-04-07T00:00:00Z,2026-04-07T06:00:00Z,0,136.188903,0,0,0,0,0,0,,
2026-04-07T06:00:00Z,2026-04-07T12:00:00Z,0,142.188903,0,0,0,0,0,0,,
2026-04-07T12:00:00Z,2026-04-07T18:00:00Z,0,148.188903,0,0,0,0,0,0,,
2026-04-07T18:00:00Z,2026-04-08T00:00:00Z,1,154.188903,1,0,0,0,0,0,,
2026-04-08T00:00:00Z,2026-04-08T06:00:00Z,0,0.769963,0,0,0,0,0,0,,
2026-04-08T06:00:00Z,2026-04-08T12:00:00Z,0,6.769963,0,0,0,0,0,0,,
2026-04-08T12:00:00Z,2026-04-08T18:00:00Z,0,12.769963,0,0,0,0,0,0,,
2026-04-08T18:00:00Z,2026-04-09T00:00:00Z,0,18.769963,0,0,0,0,0,0,,
2026-04-09T00:00:00Z,2026-04-09T06:00:00Z,0,24.769963,0,0,0,0,0,0,,
2026-04-09T06:00:00Z,2026-04-09T12:00:00Z,0,30.769963,0,0,0,0,0,0,,
2026-04-09T12:00:00Z,2026-04-09T18:00:00Z,1,36.769963,1,0,0,0,0,0,,
2026-04-09T18:00:00Z,2026-04-10T00:00:00Z,0,0.141963,0,0,0,0,0,0,,
2026-04-10T00:00:00Z,2026-04-10T06:00:00Z,0,6.141963,0,0,0,0,0,0,,
2026-04-10T06:00:00Z,2026-04-10T12:00:00Z,0,12.141963,0,0,0,0,0,0,,
2026-04-10T12:00:00Z,2026-04-10T18:00:00Z,0,18.141963,0,0,0,0,0,0,,
2026-04-10T18:00:00Z,2026-04-11T00:00:00Z,0,24.141963,0,0,0,0,0,0,,
2026-04-11T00:00:00Z,2026-04-11T06:00:00Z,0,30.141963,0,0,0,0,0,0,,
2026-04-11T06:00:00Z,2026-04-11T12:00:00Z,0,36.141963,0,0,0,0,0,0,,
2026-04-11T12:00:00Z,2026-04-11T18:00:00Z,0,42.141963,0,0,0,0,0,0,,
2026-04-11T18:00:00Z,2026-04-12T00:00:00Z,0,48.141963,0,0,0,0,0,0,,
2026-04-12T00:00:00Z,2026-04-12T06:00:00Z,0,54.141963,0,0,0,0,0,0,,
2026-04-12T06:00:00Z,2026-04-12T12:00:00Z,0,60.141963,0,0,0,0,0,0,,
2026-04-12T12:00:00Z,2026-04-12T18:00:00Z,0,66.141963,0,0,0,0,0,0,,
2026-04-12T18:00:00Z,2026-04-13T00:00:00Z,0,72.141963,0,0,0,0,0,0,,
2026-04-13T00:00:00Z,2026-04-13T06:00:00Z,0,78.141963,0,0,0,0,0,0,,
2026-04-13T06:00:00Z,2026-04-13T12:00:00Z,0,84.141963,0,0,0,0,0,0,,
2026-04-13T12:00:00Z,2026-04-13T18:00:00Z,0,90.141963,0,0,0,0,0,0,,
2026-04-13T18:00:00Z,2026-04-14T00:00:00Z,0,96.141963,0,0,0,0,0,0,,
2026-04-14T00:00:00Z,2026-04-14T06:00:00Z,0,102.141963,0,0,0,0,0,0,,
2026-04-14T06:00:00Z,2026-04-14T12:00:00Z,0,108.141963,0,0,0,0,0,0,,
2026-04-14T12:00:00Z,2026-04-14T18:00:00Z,0,114.141963,0,0,0,0,0,0,,
2026-04-14T18:00:00Z,2026-04-15T00:00:00Z,0,120.141963,0,0,0,0,0,0,,
2026-04-15T00:00:00Z,2026-04-15T06:00:00Z,0,126.141963,0,0,0,0,0,0,,
2026-04-15T06:00:00Z,2026-04-15T12:00:00Z,0,132.141963,0,0,0,0,0,0,,
2026-04-15T12:00:00Z,2026-04-15T18:00:00Z,0,138.141963,0,0,0,0,0,0,,
2026-04-15T18:00:00Z,2026-04-16T00:00:00Z,0,144.141963,0,0,0,0,0,0,,
2026-04-16T00:00:00Z,2026-04-16T06:00:00Z,0,150.141963,0,0,0,0,0,0,,
2026-04-16T06:00:00Z,2026-04-16T12:00:00Z,0,156.141963,0,0,0,0,0,0,,
2026-04-16T12:00:00Z,2026-04-16T18:00:00Z,0,162.141963,0,0,0,0,0,0,,
2026-04-16T18:00:00Z,2026-04-17T00:00:00Z,0,168.141963,0,0,0,0,0,0,,
2026-04-17T00:00:00Z,2026-04-17T06:00:00Z,1,174.141963,1,0,0,0,0,0,,
2026-04-17T06:00:00Z,2026-04-17T12:00:00Z,0,5.027276,0,0,0,0,0,0,,
2026-04-17T12:00:00Z,2026-04-17T18:00:00Z,0,11.027276,0,0,0,0,0,0,,
2026-04-17T18:00:00Z,2026-04-18T00:00:00Z,0,17.027276,0,0,0,0,0,0,,
2026-04-18T00:00:00Z,2026-04-18T06:00:00Z,0,23.027276,0,0,0,0,0,0,,
2026-04-18T06:00:00Z,2026-04-18T12:00:00Z,0,29.027276,0,0,0,0,0,0,,
2026-04-18T12:00:00Z,2026-04-18T18:00:00Z,0,35.027276,0,0,0,0,0,0,,
2026-04-18T18:00:00Z,2026-04-19T00:00:00Z,0,41.027276,0,0,0,0,0,0,,
2026-04-19T00:00:00Z,2026-04-19T06:00:00Z,0,47.027276,0,0,0,0,0,0,,
2026-04-19T06:00:00Z,2026-04-19T12:00:00Z,0,53.027276,0,0,0,0,0,0,,
2026-04-19T12:00:00Z,2026-04-19T18:00:00Z,0,59.027276,0,0,0,0,0,0,,
2026-04-19T18:00:00Z,2026-04-20T00:00:00Z,0,65.027276,0,0,0,0,0,0,,
2026-04-20T00:00:00Z,2026-04-20T06:00:00Z,0,71.027276,0,0,0,0,0,0,,
2026-04-20T06:00:00Z,2026-04-20T12:00:00Z,0,77.027276,0,0,0,0,0,0,,
2026-04-20T12:00:00Z,2026-04-20T18:00:00Z,0,83.027276,0,0,0,0,0,0,,
2026-04-20T18:00:00Z,2026-04-21T00:00:00Z,1,89.027276,1,0,0,0,0,0,,
2026-04-21T00:00:00Z,2026-04-21T06:00:00Z,0,0.743937,0,1,0,1,5,3,1.050,CTX_2046367145588916687
2026-04-21T06:00:00Z,2026-04-21T12:00:00Z,0,6.743937,0,1,0,1,5,3,7.050,CTX_2046367145588916687
2026-04-21T12:00:00Z,2026-04-21T18:00:00Z,0,12.743937,0,1,0,1,5,3,13.050,CTX_2046367145588916687
2026-04-21T18:00:00Z,2026-04-22T00:00:00Z,0,18.743937,0,1,0,1,5,3,19.050,CTX_2046367145588916687
2026-04-22T00:00:00Z,2026-04-22T06:00:00Z,0,24.743937,0,1,0,1,5,3,25.050,CTX_2046367145588916687
2026-04-22T06:00:00Z,2026-04-22T12:00:00Z,0,30.743937,0,1,0,1,5,3,31.050,CTX_2046367145588916687
2026-04-22T12:00:00Z,2026-04-22T18:00:00Z,0,36.743937,0,1,0,1,5,3,37.050,CTX_2046367145588916687
2026-04-22T18:00:00Z,2026-04-23T00:00:00Z,0,42.743937,0,1,0,1,5,3,43.050,CTX_2046367145588916687
2026-04-23T00:00:00Z,2026-04-23T06:00:00Z,0,48.743937,0,1,0,0,5,3,49.050,CTX_2046367145588916687
2026-04-23T06:00:00Z,2026-04-23T12:00:00Z,0,54.743937,0,1,0,0,5,3,55.050,CTX_2046367145588916687
2026-04-23T12:00:00Z,2026-04-23T18:00:00Z,0,60.743937,0,1,0,0,5,3,61.050,CTX_2046367145588916687
2026-04-23T18:00:00Z,2026-04-24T00:00:00Z,0,66.743937,0,1,0,0,5,3,67.050,CTX_2046367145588916687
2026-04-24T00:00:00Z,2026-04-24T06:00:00Z,0,72.743937,0,0,0,0,0,0,,
2026-04-24T06:00:00Z,2026-04-24T12:00:00Z,0,78.743937,0,0,0,0,0,0,,
2026-04-24T12:00:00Z,2026-04-24T18:00:00Z,0,84.743937,0,0,0,0,0,0,,
2026-04-24T18:00:00Z,2026-04-25T00:00:00Z,0,90.743937,0,0,0,0,0,0,,
2026-04-25T00:00:00Z,2026-04-25T06:00:00Z,0,96.743937,0,0,0,0,0,0,,
2026-04-25T06:00:00Z,2026-04-25T12:00:00Z,0,102.743937,0,0,0,0,0,0,,
2026-04-25T12:00:00Z,2026-04-25T18:00:00Z,0,108.743937,0,0,0,0,0,0,,
2026-04-25T18:00:00Z,2026-04-26T00:00:00Z,0,114.743937,0,0,0,0,0,0,,
2026-04-26T00:00:00Z,2026-04-26T06:00:00Z,0,120.743937,0,0,0,0,0,0,,
2026-04-26T06:00:00Z,2026-04-26T12:00:00Z,0,126.743937,0,0,0,0,0,0,,
2026-04-26T12:00:00Z,2026-04-26T18:00:00Z,0,132.743937,0,0,0,0,0,0,,
2026-04-26T18:00:00Z,2026-04-27T00:00:00Z,0,138.743937,0,0,0,0,0,0,,
2026-04-27T00:00:00Z,2026-04-27T06:00:00Z,0,144.743937,0,0,0,0,0,0,,
2026-04-27T06:00:00Z,2026-04-27T12:00:00Z,0,150.743937,0,0,0,0,0,0,,
2026-04-27T12:00:00Z,2026-04-27T18:00:00Z,0,156.743937,0,0,0,0,0,0,,
2026-04-27T18:00:00Z,2026-04-28T00:00:00Z,0,162.743937,0,0,0,0,0,0,,
2026-04-28T00:00:00Z,2026-04-28T06:00:00Z,1,168.743937,1,0,0,0,0,0,,
2026-04-28T06:00:00Z,2026-04-28T12:00:00Z,0,0.521343,0,0,0,0,0,0,,
2026-04-28T12:00:00Z,2026-04-28T18:00:00Z,0,6.521342,0,0,0,0,0,0,,
2026-04-28T18:00:00Z,2026-04-29T00:00:00Z,0,12.521342,0,0,0,0,0,0,,
2026-04-29T00:00:00Z,2026-04-29T06:00:00Z,0,18.521342,0,1,0,1,4,3,1.233,CTX_STATUS_01KQB4AMHC9CKFYT863PMXN1YR
2026-04-29T06:00:00Z,2026-04-29T12:00:00Z,0,24.521342,0,1,0,1,4,3,7.233,CTX_STATUS_01KQB4AMHC9CKFYT863PMXN1YR
2026-04-29T12:00:00Z,2026-04-29T18:00:00Z,0,30.521342,0,1,0,1,4,3,13.233,CTX_STATUS_01KQB4AMHC9CKFYT863PMXN1YR
2026-04-29T18:00:00Z,2026-04-30T00:00:00Z,0,36.521343,0,1,0,1,4,3,19.233,CTX_STATUS_01KQB4AMHC9CKFYT863PMXN1YR
2026-04-30T00:00:00Z,2026-04-30T06:00:00Z,0,42.521343,0,1,0,1,4,3,25.233,CTX_STATUS_01KQB4AMHC9CKFYT863PMXN1YR
2026-04-30T06:00:00Z,2026-04-30T12:00:00Z,0,48.521343,0,1,0,1,4,3,31.233,CTX_STATUS_01KQB4AMHC9CKFYT863PMXN1YR
2026-04-30T12:00:00Z,2026-04-30T18:00:00Z,0,54.521343,0,1,0,1,4,3,37.233,CTX_STATUS_01KQB4AMHC9CKFYT863PMXN1YR
2026-04-30T18:00:00Z,2026-05-01T00:00:00Z,0,60.521343,0,1,0,1,4,3,43.233,CTX_STATUS_01KQB4AMHC9CKFYT863PMXN1YR
2026-05-01T00:00:00Z,2026-05-01T06:00:00Z,0,66.521343,0,1,0,0,4,3,49.233,CTX_STATUS_01KQB4AMHC9CKFYT863PMXN1YR
2026-05-01T06:00:00Z,2026-05-01T12:00:00Z,0,72.521343,0,1,0,0,4,3,55.233,CTX_STATUS_01KQB4AMHC9CKFYT863PMXN1YR
2026-05-01T12:00:00Z,2026-05-01T18:00:00Z,0,78.521342,0,1,0,0,4,3,61.233,CTX_STATUS_01KQB4AMHC9CKFYT863PMXN1YR
2026-05-01T18:00:00Z,2026-05-02T00:00:00Z,0,84.521342,0,1,0,0,4,3,67.233,CTX_STATUS_01KQB4AMHC9CKFYT863PMXN1YR
2026-05-02T00:00:00Z,2026-05-02T06:00:00Z,0,90.521342,0,0,0,0,0,0,,
2026-05-02T06:00:00Z,2026-05-02T12:00:00Z,0,96.521342,0,0,0,0,0,0,,
2026-05-02T12:00:00Z,2026-05-02T18:00:00Z,0,102.521342,0,0,0,0,0,0,,
2026-05-02T18:00:00Z,2026-05-03T00:00:00Z,0,108.521342,0,0,0,0,0,0,,
2026-05-03T00:00:00Z,2026-05-03T06:00:00Z,0,114.521342,0,0,0,0,0,0,,
2026-05-03T06:00:00Z,2026-05-03T12:00:00Z,0,120.521342,0,0,0,0,0,0,,
2026-05-03T12:00:00Z,2026-05-03T18:00:00Z,0,126.521342,0,0,0,0,0,0,,
2026-05-03T18:00:00Z,2026-05-04T00:00:00Z,0,132.521343,0,0,0,0,0,0,,
2026-05-04T00:00:00Z,2026-05-04T06:00:00Z,0,138.521343,0,0,0,0,0,0,,
2026-05-04T06:00:00Z,2026-05-04T12:00:00Z,0,144.521343,0,0,0,0,0,0,,
2026-05-04T12:00:00Z,2026-05-04T18:00:00Z,0,150.521343,0,0,0,0,0,0,,
2026-05-04T18:00:00Z,2026-05-05T00:00:00Z,0,156.521343,0,0,0,0,0,0,,
2026-05-05T00:00:00Z,2026-05-05T06:00:00Z,0,162.521343,0,0,0,0,0,0,,
2026-05-05T06:00:00Z,2026-05-05T12:00:00Z,0,168.521343,0,0,0,0,0,0,,
2026-05-05T12:00:00Z,2026-05-05T18:00:00Z,0,174.521343,0,0,0,0,0,0,,
2026-05-05T18:00:00Z,2026-05-06T00:00:00Z,0,180.521343,0,0,0,0,0,0,,
2026-05-06T00:00:00Z,2026-05-06T06:00:00Z,0,186.521343,0,0,0,0,0,0,,
2026-05-06T06:00:00Z,2026-05-06T12:00:00Z,0,192.521343,0,0,0,0,0,0,,
2026-05-06T12:00:00Z,2026-05-06T18:00:00Z,0,198.521343,0,0,0,0,0,0,,
2026-05-06T18:00:00Z,2026-05-07T00:00:00Z,0,204.521343,0,0,0,0,0,0,,
2026-05-07T00:00:00Z,2026-05-07T06:00:00Z,0,210.521343,0,0,0,0,0,0,,
2026-05-07T06:00:00Z,2026-05-07T12:00:00Z,0,216.521343,0,0,0,0,0,0,,
2026-05-07T12:00:00Z,2026-05-07T18:00:00Z,0,222.521343,0,0,0,0,0,0,,
2026-05-07T18:00:00Z,2026-05-08T00:00:00Z,0,228.521343,0,1,1,0,4,3,0.734,CTX_STATUS_01KR1Q0SWZESWXQVWQRKRDJCHK
2026-05-08T00:00:00Z,2026-05-08T06:00:00Z,0,234.521343,0,1,1,0,4,3,6.734,CTX_STATUS_01KR1Q0SWZESWXQVWQRKRDJCHK
2026-05-08T06:00:00Z,2026-05-08T12:00:00Z,0,240.521343,0,1,1,0,4,3,12.734,CTX_STATUS_01KR1Q0SWZESWXQVWQRKRDJCHK
2026-05-08T12:00:00Z,2026-05-08T18:00:00Z,0,246.521343,0,1,0,1,4,3,18.734,CTX_STATUS_01KR1Q0SWZESWXQVWQRKRDJCHK
2026-05-08T18:00:00Z,2026-05-09T00:00:00Z,0,252.521343,0,1,0,1,4,3,2.879,CTX_STATUS_01KR1Q0SWZESWXQVWQRKRDJCHK;CTX_STATUS_01KR421V8PCTFKA8EJJC2VCGA3
2026-05-09T00:00:00Z,2026-05-09T06:00:00Z,0,258.521343,0,1,0,1,4,3,8.879,CTX_STATUS_01KR1Q0SWZESWXQVWQRKRDJCHK;CTX_STATUS_01KR421V8PCTFKA8EJJC2VCGA3
2026-05-09T06:00:00Z,2026-05-09T12:00:00Z,0,264.521343,0,1,0,1,4,3,14.879,CTX_STATUS_01KR1Q0SWZESWXQVWQRKRDJCHK;CTX_STATUS_01KR421V8PCTFKA8EJJC2VCGA3
2026-05-09T12:00:00Z,2026-05-09T18:00:00Z,0,270.521343,0,1,0,1,4,3,20.879,CTX_STATUS_01KR1Q0SWZESWXQVWQRKRDJCHK;CTX_STATUS_01KR421V8PCTFKA8EJJC2VCGA3
2026-05-09T18:00:00Z,2026-05-10T00:00:00Z,0,276.521343,0,1,0,1,4,3,26.879,CTX_STATUS_01KR1Q0SWZESWXQVWQRKRDJCHK;CTX_STATUS_01KR421V8PCTFKA8EJJC2VCGA3
2026-05-10T00:00:00Z,2026-05-10T06:00:00Z,0,282.521343,0,1,0,1,4,3,32.879,CTX_STATUS_01KR1Q0SWZESWXQVWQRKRDJCHK;CTX_STATUS_01KR421V8PCTFKA8EJJC2VCGA3
2026-05-10T06:00:00Z,2026-05-10T12:00:00Z,0,288.521343,0,1,0,1,4,3,38.879,CTX_STATUS_01KR1Q0SWZESWXQVWQRKRDJCHK;CTX_STATUS_01KR421V8PCTFKA8EJJC2VCGA3
2026-05-10T12:00:00Z,2026-05-10T18:00:00Z,0,294.521343,0,1,0,1,4,3,44.879,CTX_STATUS_01KR1Q0SWZESWXQVWQRKRDJCHK;CTX_STATUS_01KR421V8PCTFKA8EJJC2VCGA3
2026-05-10T18:00:00Z,2026-05-11T00:00:00Z,0,300.521343,0,1,0,0,4,3,50.879,CTX_STATUS_01KR421V8PCTFKA8EJJC2VCGA3
2026-05-11T00:00:00Z,2026-05-11T06:00:00Z,0,306.521343,0,1,0,0,4,3,56.879,CTX_STATUS_01KR421V8PCTFKA8EJJC2VCGA3
2026-05-11T06:00:00Z,2026-05-11T12:00:00Z,0,312.521343,0,1,0,1,5,3,4.613,CTX_STATUS_01KR421V8PCTFKA8EJJC2VCGA3;CTX_STATUS_01KRAA341YK58M05V2DFGDRMFB
2026-05-11T12:00:00Z,2026-05-11T18:00:00Z,0,318.521343,0,1,0,1,5,3,10.613,CTX_STATUS_01KR421V8PCTFKA8EJJC2VCGA3;CTX_STATUS_01KRAA341YK58M05V2DFGDRMFB
2026-05-11T18:00:00Z,2026-05-12T00:00:00Z,0,324.521343,0,1,0,1,5,3,16.613,CTX_STATUS_01KRAA341YK58M05V2DFGDRMFB
2026-05-12T00:00:00Z,2026-05-12T06:00:00Z,0,330.521343,0,1,0,1,5,3,22.613,CTX_STATUS_01KRAA341YK58M05V2DFGDRMFB
2026-05-12T06:00:00Z,2026-05-12T12:00:00Z,0,336.521343,0,1,0,1,5,3,28.613,CTX_STATUS_01KRAA341YK58M05V2DFGDRMFB
2026-05-12T12:00:00Z,2026-05-12T18:00:00Z,0,342.521343,0,1,0,1,5,3,34.613,CTX_STATUS_01KRAA341YK58M05V2DFGDRMFB
2026-05-12T18:00:00Z,2026-05-13T00:00:00Z,0,348.521343,0,1,0,1,5,3,40.613,CTX_STATUS_01KRAA341YK58M05V2DFGDRMFB
2026-05-13T00:00:00Z,2026-05-13T06:00:00Z,0,354.521343,0,1,0,1,5,3,46.613,CTX_STATUS_01KRAA341YK58M05V2DFGDRMFB
2026-05-13T06:00:00Z,2026-05-13T12:00:00Z,0,360.521343,0,1,0,0,5,3,52.613,CTX_STATUS_01KRAA341YK58M05V2DFGDRMFB
2026-05-13T12:00:00Z,2026-05-13T18:00:00Z,0,366.521343,0,1,0,1,5,3,3.696,CTX_STATUS_01KRAA341YK58M05V2DFGDRMFB;CTX_STATUS_01KRG6MF021JQ997JCR7R8Y9A0
2026-05-13T18:00:00Z,2026-05-14T00:00:00Z,0,372.521343,0,1,0,1,5,3,9.696,CTX_STATUS_01KRAA341YK58M05V2DFGDRMFB;CTX_STATUS_01KRG6MF021JQ997JCR7R8Y9A0
2026-05-14T00:00:00Z,2026-05-14T06:00:00Z,0,378.521343,0,1,0,1,5,3,15.696,CTX_STATUS_01KRAA341YK58M05V2DFGDRMFB;CTX_STATUS_01KRG6MF021JQ997JCR7R8Y9A0
2026-05-14T06:00:00Z,2026-05-14T12:00:00Z,0,384.521343,0,1,0,1,5,3,21.696,CTX_STATUS_01KRG6MF021JQ997JCR7R8Y9A0
2026-05-14T12:00:00Z,2026-05-14T18:00:00Z,0,390.521343,0,1,0,1,5,3,27.696,CTX_STATUS_01KRG6MF021JQ997JCR7R8Y9A0
2026-05-14T18:00:00Z,2026-05-15T00:00:00Z,0,396.521343,0,1,0,1,5,3,33.696,CTX_STATUS_01KRG6MF021JQ997JCR7R8Y9A0
2026-05-15T00:00:00Z,2026-05-15T06:00:00Z,0,402.521343,0,1,0,1,5,3,3.027,CTX_STATUS_01KRG6MF021JQ997JCR7R8Y9A0;CTX_STATUS_01KRM4H2T37TNSS7BCSGXVS8RQ
2026-05-15T06:00:00Z,2026-05-15T12:00:00Z,0,408.521343,0,1,0,1,5,3,9.027,CTX_STATUS_01KRG6MF021JQ997JCR7R8Y9A0;CTX_STATUS_01KRM4H2T37TNSS7BCSGXVS8RQ
2026-05-15T12:00:00Z,2026-05-15T18:00:00Z,0,414.521343,0,1,0,1,5,3,15.027,CTX_STATUS_01KRG6MF021JQ997JCR7R8Y9A0;CTX_STATUS_01KRM4H2T37TNSS7BCSGXVS8RQ
2026-05-15T18:00:00Z,2026-05-16T00:00:00Z,0,420.521343,0,1,0,1,5,3,21.027,CTX_STATUS_01KRG6MF021JQ997JCR7R8Y9A0;CTX_STATUS_01KRM4H2T37TNSS7BCSGXVS8RQ
2026-05-16T00:00:00Z,2026-05-16T06:00:00Z,0,426.521343,0,1,0,1,5,3,27.027,CTX_STATUS_01KRG6MF021JQ997JCR7R8Y9A0;CTX_STATUS_01KRM4H2T37TNSS7BCSGXVS8RQ
2026-05-16T06:00:00Z,2026-05-16T12:00:00Z,0,432.521343,0,1,0,1,5,3,33.027,CTX_STATUS_01KRG6MF021JQ997JCR7R8Y9A0;CTX_STATUS_01KRM4H2T37TNSS7BCSGXVS8RQ
2026-05-16T12:00:00Z,2026-05-16T18:00:00Z,1,438.521343,1,1,0,1,5,3,39.027,CTX_STATUS_01KRM4H2T37TNSS7BCSGXVS8RQ
2026-05-16T18:00:00Z,2026-05-17T00:00:00Z,0,0.148984,0,1,0,1,5,3,45.027,CTX_STATUS_01KRM4H2T37TNSS7BCSGXVS8RQ
2026-05-17T00:00:00Z,2026-05-17T06:00:00Z,0,6.148984,0,1,0,0,5,3,51.027,CTX_STATUS_01KRM4H2T37TNSS7BCSGXVS8RQ
2026-05-17T06:00:00Z,2026-05-17T12:00:00Z,0,12.148984,0,1,0,0,5,3,57.027,CTX_STATUS_01KRM4H2T37TNSS7BCSGXVS8RQ
2026-05-17T12:00:00Z,2026-05-17T18:00:00Z,0,18.148984,0,1,0,0,5,3,63.027,CTX_STATUS_01KRM4H2T37TNSS7BCSGXVS8RQ
2026-05-17T18:00:00Z,2026-05-18T00:00:00Z,0,24.148984,0,1,0,0,5,3,69.027,CTX_STATUS_01KRM4H2T37TNSS7BCSGXVS8RQ
2026-05-18T00:00:00Z,2026-05-18T06:00:00Z,0,30.148984,0,0,0,0,0,0,,
2026-05-18T06:00:00Z,2026-05-18T12:00:00Z,0,36.148984,0,0,0,0,0,0,,
2026-05-18T12:00:00Z,2026-05-18T18:00:00Z,0,42.148984,0,0,0,0,0,0,,
2026-05-18T18:00:00Z,2026-05-19T00:00:00Z,0,48.148984,0,0,0,0,0,0,,
2026-05-19T00:00:00Z,2026-05-19T06:00:00Z,0,54.148984,0,0,0,0,0,0,,
2026-05-19T06:00:00Z,2026-05-19T12:00:00Z,0,60.148984,0,0,0,0,0,0,,
2026-05-19T12:00:00Z,2026-05-19T18:00:00Z,0,66.148984,0,0,0,0,0,0,,
2026-05-19T18:00:00Z,2026-05-20T00:00:00Z,0,72.148984,0,0,0,0,0,0,,
2026-05-20T00:00:00Z,2026-05-20T06:00:00Z,0,78.148984,0,0,0,0,0,0,,
2026-05-20T06:00:00Z,2026-05-20T12:00:00Z,0,84.148984,0,0,0,0,0,0,,
2026-05-20T12:00:00Z,2026-05-20T18:00:00Z,0,90.148984,0,0,0,0,0,0,,
2026-05-20T18:00:00Z,2026-05-21T00:00:00Z,0,96.148984,0,0,0,0,0,0,,
2026-05-21T00:00:00Z,2026-05-21T06:00:00Z,0,102.148984,0,0,0,0,0,0,,
2026-05-21T06:00:00Z,2026-05-21T12:00:00Z,0,108.148984,0,0,0,0,0,0,,
2026-05-21T12:00:00Z,2026-05-21T18:00:00Z,0,114.148984,0,0,0,0,0,0,,
2026-05-21T18:00:00Z,2026-05-22T00:00:00Z,0,120.148984,0,0,0,0,0,0,,
2026-05-22T00:00:00Z,2026-05-22T06:00:00Z,0,126.148984,0,0,0,0,0,0,,
2026-05-22T06:00:00Z,2026-05-22T12:00:00Z,0,132.148984,0,0,0,0,0,0,,
2026-05-22T12:00:00Z,2026-05-22T18:00:00Z,0,138.148984,0,0,0,0,0,0,,
2026-05-22T18:00:00Z,2026-05-23T00:00:00Z,0,144.148984,0,1,1,0,5,3,1.369,CTX_2058280452851638313
2026-05-23T00:00:00Z,2026-05-23T06:00:00Z,0,150.148984,0,1,1,0,5,3,7.369,CTX_2058280452851638313
2026-05-23T06:00:00Z,2026-05-23T12:00:00Z,0,156.148984,0,1,1,0,5,3,13.369,CTX_2058280452851638313
2026-05-23T12:00:00Z,2026-05-23T18:00:00Z,0,162.148984,0,1,0,1,5,3,19.369,CTX_2058280452851638313
2026-05-23T18:00:00Z,2026-05-24T00:00:00Z,1,168.148984,1,1,0,1,5,3,25.369,CTX_2058280452851638313
2026-05-24T00:00:00Z,2026-05-24T06:00:00Z,0,3.756773,0,1,0,1,5,3,31.369,CTX_2058280452851638313
2026-05-24T06:00:00Z,2026-05-24T12:00:00Z,0,9.756773,0,1,0,1,5,3,37.369,CTX_2058280452851638313
2026-05-24T12:00:00Z,2026-05-24T18:00:00Z,0,15.756773,0,1,0,1,5,3,43.369,CTX_2058280452851638313
2026-05-24T18:00:00Z,2026-05-25T00:00:00Z,0,21.756773,0,1,0,1,5,3,49.369,CTX_2058280452851638313
2026-05-25T00:00:00Z,2026-05-25T06:00:00Z,0,27.756773,0,1,0,1,5,3,55.369,CTX_2058280452851638313
2026-05-25T06:00:00Z,2026-05-25T12:00:00Z,0,33.756773,0,1,0,1,5,3,61.369,CTX_2058280452851638313
2026-05-25T12:00:00Z,2026-05-25T18:00:00Z,0,39.756773,0,1,0,0,5,3,67.369,CTX_2058280452851638313
2026-05-25T18:00:00Z,2026-05-26T00:00:00Z,0,45.756773,0,0,0,0,0,0,,
2026-05-26T00:00:00Z,2026-05-26T06:00:00Z,0,51.756773,0,0,0,0,0,0,,
2026-05-26T06:00:00Z,2026-05-26T12:00:00Z,0,57.756773,0,0,0,0,0,0,,
2026-05-26T12:00:00Z,2026-05-26T18:00:00Z,0,63.756773,0,0,0,0,0,0,,
2026-05-26T18:00:00Z,2026-05-27T00:00:00Z,0,69.756773,0,0,0,0,0,0,,
2026-05-27T00:00:00Z,2026-05-27T06:00:00Z,0,75.756773,0,0,0,0,0,0,,
2026-05-27T06:00:00Z,2026-05-27T12:00:00Z,0,81.756773,0,0,0,0,0,0,,
2026-05-27T12:00:00Z,2026-05-27T18:00:00Z,0,87.756773,0,0,0,0,0,0,,
2026-05-27T18:00:00Z,2026-05-28T00:00:00Z,0,93.756773,0,1,1,0,4,3,0.045,CTX_STATUS_01KSN9ATSF1WCJ5ZTQSR1H9CC7
2026-05-28T00:00:00Z,2026-05-28T06:00:00Z,0,99.756773,0,1,1,0,4,3,6.045,CTX_STATUS_01KSN9ATSF1WCJ5ZTQSR1H9CC7
2026-05-28T06:00:00Z,2026-05-28T12:00:00Z,0,105.756773,0,1,1,0,4,3,12.045,CTX_STATUS_01KSN9ATSF1WCJ5ZTQSR1H9CC7
2026-05-28T12:00:00Z,2026-05-28T18:00:00Z,0,111.756773,0,1,0,1,4,3,18.045,CTX_STATUS_01KSN9ATSF1WCJ5ZTQSR1H9CC7
2026-05-28T18:00:00Z,2026-05-29T00:00:00Z,0,117.756773,0,1,0,1,4,3,24.045,CTX_STATUS_01KSN9ATSF1WCJ5ZTQSR1H9CC7
2026-05-29T00:00:00Z,2026-05-29T06:00:00Z,0,123.756773,0,1,0,1,4,3,30.045,CTX_STATUS_01KSN9ATSF1WCJ5ZTQSR1H9CC7
2026-05-29T06:00:00Z,2026-05-29T12:00:00Z,0,129.756773,0,1,0,1,4,3,36.045,CTX_STATUS_01KSN9ATSF1WCJ5ZTQSR1H9CC7
2026-05-29T12:00:00Z,2026-05-29T18:00:00Z,0,135.756773,0,1,0,1,4,3,42.045,CTX_STATUS_01KSN9ATSF1WCJ5ZTQSR1H9CC7
2026-05-29T18:00:00Z,2026-05-30T00:00:00Z,0,141.756773,0,1,0,1,4,3,48.045,CTX_STATUS_01KSN9ATSF1WCJ5ZTQSR1H9CC7
2026-05-30T00:00:00Z,2026-05-30T06:00:00Z,0,147.756773,0,1,0,1,4,3,54.045,CTX_STATUS_01KSN9ATSF1WCJ5ZTQSR1H9CC7
2026-05-30T06:00:00Z,2026-05-30T12:00:00Z,0,153.756773,0,1,0,1,4,3,60.045,CTX_STATUS_01KSN9ATSF1WCJ5ZTQSR1H9CC7
2026-05-30T12:00:00Z,2026-05-30T18:00:00Z,0,159.756773,0,1,0,0,4,3,66.045,CTX_STATUS_01KSN9ATSF1WCJ5ZTQSR1H9CC7
2026-05-30T18:00:00Z,2026-05-31T00:00:00Z,0,165.756773,0,0,0,0,0,0,,
2026-05-31T00:00:00Z,2026-05-31T06:00:00Z,0,171.756773,0,0,0,0,0,0,,
2026-05-31T06:00:00Z,2026-05-31T12:00:00Z,0,177.756773,0,0,0,0,0,0,,
2026-05-31T12:00:00Z,2026-05-31T18:00:00Z,1,183.756773,1,0,0,0,0,0,,
2026-05-31T18:00:00Z,2026-06-01T00:00:00Z,0,2.581592,0,0,0,0,0,0,,
2026-06-01T00:00:00Z,2026-06-01T06:00:00Z,0,8.581592,0,0,0,0,0,0,,
2026-06-01T06:00:00Z,2026-06-01T12:00:00Z,0,14.581592,0,0,0,0,0,0,,
2026-06-01T12:00:00Z,2026-06-01T18:00:00Z,0,20.581592,0,0,0,0,0,0,,
2026-06-01T18:00:00Z,2026-06-02T00:00:00Z,0,26.581592,0,0,0,0,0,0,,
2026-06-02T00:00:00Z,2026-06-02T06:00:00Z,0,32.581592,0,0,0,0,0,0,,
2026-06-02T06:00:00Z,2026-06-02T12:00:00Z,0,38.581592,0,0,0,0,0,0,,
2026-06-02T12:00:00Z,2026-06-02T18:00:00Z,0,44.581592,0,0,0,0,0,0,,
2026-06-02T18:00:00Z,2026-06-03T00:00:00Z,0,50.581592,0,0,0,0,0,0,,
2026-06-03T00:00:00Z,2026-06-03T06:00:00Z,0,56.581592,0,1,1,0,4,3,0.404,CTX_STATUS_01KT5B2V94YX1T1M88BVQHB58J
2026-06-03T06:00:00Z,2026-06-03T12:00:00Z,0,62.581592,0,1,1,1,5,3,1.033,CTX_2062329981548802523;CTX_STATUS_01KT5B2V94YX1T1M88BVQHB58J
2026-06-03T12:00:00Z,2026-06-03T18:00:00Z,0,68.581592,0,1,0,1,5,3,7.033,CTX_2062329981548802523;CTX_STATUS_01KT5B2V94YX1T1M88BVQHB58J
2026-06-03T18:00:00Z,2026-06-04T00:00:00Z,0,74.581592,0,1,0,1,5,3,13.033,CTX_2062329981548802523;CTX_STATUS_01KT5B2V94YX1T1M88BVQHB58J
2026-06-04T00:00:00Z,2026-06-04T06:00:00Z,1,80.581592,1,1,0,1,5,3,19.033,CTX_2062329981548802523;CTX_STATUS_01KT5B2V94YX1T1M88BVQHB58J
2026-06-04T06:00:00Z,2026-06-04T12:00:00Z,0,5.567084,0,1,0,1,5,3,3.043,CTX_2062329981548802523;CTX_STATUS_01KT5B2V94YX1T1M88BVQHB58J;CTX_STATUS_01KT890WC7YQYMX39GY5VG9QAB
2026-06-04T12:00:00Z,2026-06-04T18:00:00Z,0,11.567084,0,1,0,1,5,3,9.043,CTX_2062329981548802523;CTX_STATUS_01KT5B2V94YX1T1M88BVQHB58J;CTX_STATUS_01KT890WC7YQYMX39GY5VG9QAB
2026-06-04T18:00:00Z,2026-06-05T00:00:00Z,0,17.567084,0,1,0,1,5,3,15.043,CTX_2062329981548802523;CTX_STATUS_01KT5B2V94YX1T1M88BVQHB58J;CTX_STATUS_01KT890WC7YQYMX39GY5VG9QAB
2026-06-05T00:00:00Z,2026-06-05T06:00:00Z,0,23.567084,0,1,0,1,5,3,21.043,CTX_2062329981548802523;CTX_STATUS_01KT5B2V94YX1T1M88BVQHB58J;CTX_STATUS_01KT890WC7YQYMX39GY5VG9QAB
2026-06-05T06:00:00Z,2026-06-05T12:00:00Z,0,29.567084,0,1,0,1,5,3,27.043,CTX_2062329981548802523;CTX_STATUS_01KT5B2V94YX1T1M88BVQHB58J;CTX_STATUS_01KT890WC7YQYMX39GY5VG9QAB
2026-06-05T12:00:00Z,2026-06-05T18:00:00Z,0,35.567084,0,1,0,1,5,3,33.043,CTX_2062329981548802523;CTX_STATUS_01KT5B2V94YX1T1M88BVQHB58J;CTX_STATUS_01KT890WC7YQYMX39GY5VG9QAB
2026-06-05T18:00:00Z,2026-06-06T00:00:00Z,0,41.567084,0,1,0,1,5,3,39.043,CTX_2062329981548802523;CTX_STATUS_01KT5B2V94YX1T1M88BVQHB58J;CTX_STATUS_01KT890WC7YQYMX39GY5VG9QAB
2026-06-06T00:00:00Z,2026-06-06T06:00:00Z,0,47.567084,0,1,0,1,5,3,45.043,CTX_2062329981548802523;CTX_STATUS_01KT890WC7YQYMX39GY5VG9QAB
2026-06-06T06:00:00Z,2026-06-06T12:00:00Z,0,53.567084,0,1,0,0,4,3,51.043,CTX_STATUS_01KT890WC7YQYMX39GY5VG9QAB
2026-06-06T12:00:00Z,2026-06-06T18:00:00Z,0,59.567084,0,1,0,0,4,3,57.043,CTX_STATUS_01KT890WC7YQYMX39GY5VG9QAB
2026-06-06T18:00:00Z,2026-06-07T00:00:00Z,0,65.567084,0,1,0,0,4,3,63.043,CTX_STATUS_01KT890WC7YQYMX39GY5VG9QAB
2026-06-07T00:00:00Z,2026-06-07T06:00:00Z,0,71.567084,0,1,0,0,4,3,69.043,CTX_STATUS_01KT890WC7YQYMX39GY5VG9QAB
2026-06-07T06:00:00Z,2026-06-07T12:00:00Z,0,77.567084,0,0,0,0,0,0,,
2026-06-07T12:00:00Z,2026-06-07T18:00:00Z,0,83.567084,0,0,0,0,0,0,,
2026-06-07T18:00:00Z,2026-06-08T00:00:00Z,0,89.567084,0,0,0,0,0,0,,
2026-06-08T00:00:00Z,2026-06-08T06:00:00Z,0,95.567084,0,0,0,0,0,0,,
2026-06-08T06:00:00Z,2026-06-08T12:00:00Z,0,101.567084,0,0,0,0,0,0,,
2026-06-08T12:00:00Z,2026-06-08T18:00:00Z,0,107.567084,0,0,0,0,0,0,,
2026-06-08T18:00:00Z,2026-06-09T00:00:00Z,0,113.567084,0,0,0,0,0,0,,
2026-06-09T00:00:00Z,2026-06-09T06:00:00Z,0,119.567084,0,0,0,0,0,0,,
2026-06-09T06:00:00Z,2026-06-09T12:00:00Z,0,125.567084,0,0,0,0,0,0,,
2026-06-09T12:00:00Z,2026-06-09T18:00:00Z,0,131.567084,0,0,0,0,0,0,,
2026-06-09T18:00:00Z,2026-06-10T00:00:00Z,0,137.567084,0,0,0,0,0,0,,
2026-06-10T00:00:00Z,2026-06-10T06:00:00Z,0,143.567084,0,0,0,0,0,0,,
2026-06-10T06:00:00Z,2026-06-10T12:00:00Z,0,149.567084,0,0,0,0,0,0,,
2026-06-10T12:00:00Z,2026-06-10T18:00:00Z,0,155.567084,0,0,0,0,0,0,,
2026-06-10T18:00:00Z,2026-06-11T00:00:00Z,0,161.567084,0,0,0,0,0,0,,
2026-06-11T00:00:00Z,2026-06-11T06:00:00Z,0,167.567084,0,0,0,0,0,0,,
2026-06-11T06:00:00Z,2026-06-11T12:00:00Z,0,173.567084,0,0,0,0,0,0,,
2026-06-11T12:00:00Z,2026-06-11T18:00:00Z,0,179.567084,0,0,0,0,0,0,,
2026-06-11T18:00:00Z,2026-06-12T00:00:00Z,0,185.567084,0,0,0,0,0,0,,
2026-06-12T00:00:00Z,2026-06-12T06:00:00Z,1,191.567084,1,1,0,1,5,3,3.002,CTX_STATUS_01KTW7QY5W9DDYT0ETXX6MPVSY
2026-06-12T06:00:00Z,2026-06-12T12:00:00Z,0,5.813578,0,1,0,1,5,3,9.002,CTX_STATUS_01KTW7QY5W9DDYT0ETXX6MPVSY
2026-06-12T12:00:00Z,2026-06-12T18:00:00Z,0,11.813578,0,1,0,1,5,3,15.002,CTX_STATUS_01KTW7QY5W9DDYT0ETXX6MPVSY
2026-06-12T18:00:00Z,2026-06-13T00:00:00Z,0,17.813578,0,1,0,1,5,3,21.002,CTX_STATUS_01KTW7QY5W9DDYT0ETXX6MPVSY
2026-06-13T00:00:00Z,2026-06-13T06:00:00Z,0,23.813578,0,1,0,1,5,3,27.002,CTX_STATUS_01KTW7QY5W9DDYT0ETXX6MPVSY
2026-06-13T06:00:00Z,2026-06-13T12:00:00Z,0,29.813578,0,1,0,1,5,3,33.002,CTX_STATUS_01KTW7QY5W9DDYT0ETXX6MPVSY
2026-06-13T12:00:00Z,2026-06-13T18:00:00Z,0,35.813578,0,1,0,1,5,3,39.002,CTX_STATUS_01KTW7QY5W9DDYT0ETXX6MPVSY
2026-06-13T18:00:00Z,2026-06-14T00:00:00Z,0,41.813578,0,1,0,1,5,3,45.002,CTX_STATUS_01KTW7QY5W9DDYT0ETXX6MPVSY
2026-06-14T00:00:00Z,2026-06-14T06:00:00Z,0,47.813578,0,1,0,0,5,3,51.002,CTX_STATUS_01KTW7QY5W9DDYT0ETXX6MPVSY
2026-06-14T06:00:00Z,2026-06-14T12:00:00Z,0,53.813578,0,1,0,0,5,3,57.002,CTX_STATUS_01KTW7QY5W9DDYT0ETXX6MPVSY
2026-06-14T12:00:00Z,2026-06-14T18:00:00Z,0,59.813578,0,1,0,0,5,3,63.002,CTX_STATUS_01KTW7QY5W9DDYT0ETXX6MPVSY
2026-06-14T18:00:00Z,2026-06-15T00:00:00Z,0,65.813578,0,1,0,0,5,3,69.002,CTX_STATUS_01KTW7QY5W9DDYT0ETXX6MPVSY
2026-06-15T00:00:00Z,2026-06-15T06:00:00Z,0,71.813578,0,0,0,0,0,0,,
2026-06-15T06:00:00Z,2026-06-15T12:00:00Z,0,77.813578,0,0,0,0,0,0,,
2026-06-15T12:00:00Z,2026-06-15T18:00:00Z,0,83.813578,0,0,0,0,0,0,,
2026-06-15T18:00:00Z,2026-06-16T00:00:00Z,0,89.813578,0,0,0,0,0,0,,
2026-06-16T00:00:00Z,2026-06-16T06:00:00Z,0,95.813578,0,0,0,0,0,0,,
2026-06-16T06:00:00Z,2026-06-16T12:00:00Z,0,101.813578,0,1,0,1,4,3,5.882,CTX_STATUS_01KV6W1JX2T4T1455777Q1R2W5
2026-06-16T12:00:00Z,2026-06-16T18:00:00Z,0,107.813578,0,1,1,1,4,3,1.464,CTX_STATUS_01KV6W1JX2T4T1455777Q1R2W5;CTX_STATUS_01KV7ZT644J4V94GSXMFPY2ANR
2026-06-16T18:00:00Z,2026-06-17T00:00:00Z,1,113.813578,1,1,0,1,4,3,7.464,CTX_STATUS_01KV6W1JX2T4T1455777Q1R2W5;CTX_STATUS_01KV7ZT644J4V94GSXMFPY2ANR
2026-06-17T00:00:00Z,2026-06-17T06:00:00Z,0,5.168771,0,1,0,1,4,3,13.464,CTX_STATUS_01KV6W1JX2T4T1455777Q1R2W5;CTX_STATUS_01KV7ZT644J4V94GSXMFPY2ANR
2026-06-17T06:00:00Z,2026-06-17T12:00:00Z,0,11.168771,0,1,0,1,4,3,19.464,CTX_STATUS_01KV6W1JX2T4T1455777Q1R2W5;CTX_STATUS_01KV7ZT644J4V94GSXMFPY2ANR
2026-06-17T12:00:00Z,2026-06-17T18:00:00Z,0,17.168771,0,1,0,1,4,3,25.464,CTX_STATUS_01KV6W1JX2T4T1455777Q1R2W5;CTX_STATUS_01KV7ZT644J4V94GSXMFPY2ANR
2026-06-17T18:00:00Z,2026-06-18T00:00:00Z,0,23.168771,0,1,0,1,4,3,31.464,CTX_STATUS_01KV6W1JX2T4T1455777Q1R2W5;CTX_STATUS_01KV7ZT644J4V94GSXMFPY2ANR
2026-06-18T00:00:00Z,2026-06-18T06:00:00Z,1,29.168771,1,1,0,1,4,3,37.464,CTX_STATUS_01KV6W1JX2T4T1455777Q1R2W5;CTX_STATUS_01KV7ZT644J4V94GSXMFPY2ANR
2026-06-18T06:00:00Z,2026-06-18T12:00:00Z,0,5.830448,0,1,0,1,4,3,43.464,CTX_STATUS_01KV6W1JX2T4T1455777Q1R2W5;CTX_STATUS_01KV7ZT644J4V94GSXMFPY2ANR
2026-06-18T12:00:00Z,2026-06-18T18:00:00Z,0,11.830448,0,1,0,1,4,3,49.464,CTX_STATUS_01KV6W1JX2T4T1455777Q1R2W5;CTX_STATUS_01KV7ZT644J4V94GSXMFPY2ANR
2026-06-18T18:00:00Z,2026-06-19T00:00:00Z,0,17.830448,0,1,0,0,4,3,55.464,CTX_STATUS_01KV6W1JX2T4T1455777Q1R2W5;CTX_STATUS_01KV7ZT644J4V94GSXMFPY2ANR
2026-06-19T00:00:00Z,2026-06-19T06:00:00Z,0,23.830448,0,1,0,0,4,3,61.464,CTX_STATUS_01KV6W1JX2T4T1455777Q1R2W5;CTX_STATUS_01KV7ZT644J4V94GSXMFPY2ANR
2026-06-19T06:00:00Z,2026-06-19T12:00:00Z,0,29.830448,0,1,0,0,4,3,67.464,CTX_STATUS_01KV7ZT644J4V94GSXMFPY2ANR
2026-06-19T12:00:00Z,2026-06-19T18:00:00Z,0,35.830448,0,0,0,0,0,0,,
2026-06-19T18:00:00Z,2026-06-20T00:00:00Z,0,41.830448,0,0,0,0,0,0,,
2026-06-20T00:00:00Z,2026-06-20T06:00:00Z,0,47.830448,0,0,0,0,0,0,,
2026-06-20T06:00:00Z,2026-06-20T12:00:00Z,0,53.830448,0,0,0,0,0,0,,
2026-06-20T12:00:00Z,2026-06-20T18:00:00Z,0,59.830448,0,0,0,0,0,0,,
2026-06-20T18:00:00Z,2026-06-21T00:00:00Z,0,65.830448,0,0,0,0,0,0,,
2026-06-21T00:00:00Z,2026-06-21T06:00:00Z,0,71.830448,0,0,0,0,0,0,,
2026-06-21T06:00:00Z,2026-06-21T12:00:00Z,0,77.830448,0,0,0,0,0,0,,
2026-06-21T12:00:00Z,2026-06-21T18:00:00Z,0,83.830448,0,0,0,0,0,0,,
2026-06-21T18:00:00Z,2026-06-22T00:00:00Z,0,89.830448,0,0,0,0,0,0,,
2026-06-22T00:00:00Z,2026-06-22T06:00:00Z,0,95.830448,0,0,0,0,0,0,,
2026-06-22T06:00:00Z,2026-06-22T12:00:00Z,0,101.830448,0,0,0,0,0,0,,
2026-06-22T12:00:00Z,2026-06-22T18:00:00Z,0,107.830448,0,0,0,0,0,0,,
2026-06-22T18:00:00Z,2026-06-23T00:00:00Z,0,113.830448,0,0,0,0,0,0,,
2026-06-23T00:00:00Z,2026-06-23T06:00:00Z,0,119.830448,0,0,0,0,0,0,,
2026-06-23T06:00:00Z,2026-06-23T12:00:00Z,0,125.830448,0,0,0,0,0,0,,
2026-06-23T12:00:00Z,2026-06-23T18:00:00Z,0,131.830448,0,0,0,0,0,0,,
2026-06-23T18:00:00Z,2026-06-24T00:00:00Z,0,137.830448,0,0,0,0,0,0,,
2026-06-24T00:00:00Z,2026-06-24T06:00:00Z,0,143.830448,0,0,0,0,0,0,,
2026-06-24T06:00:00Z,2026-06-24T12:00:00Z,0,149.830448,0,0,0,0,0,0,,
2026-06-24T12:00:00Z,2026-06-24T18:00:00Z,0,155.830448,0,0,0,0,0,0,,
2026-06-24T18:00:00Z,2026-06-25T00:00:00Z,0,161.830448,0,0,0,0,0,0,,
2026-06-25T00:00:00Z,2026-06-25T06:00:00Z,0,167.830448,0,0,0,0,0,0,,
2026-06-25T06:00:00Z,2026-06-25T12:00:00Z,0,173.830448,0,1,1,0,4,3,0.142,CTX_STATUS_01KVYNAMMJ7AMF94YBECG6JG6Q
2026-06-25T12:00:00Z,2026-06-25T18:00:00Z,0,179.830448,0,1,0,1,4,3,6.142,CTX_STATUS_01KVYNAMMJ7AMF94YBECG6JG6Q
2026-06-25T18:00:00Z,2026-06-26T00:00:00Z,0,185.830448,0,1,0,1,4,3,12.142,CTX_STATUS_01KVYNAMMJ7AMF94YBECG6JG6Q
2026-06-26T00:00:00Z,2026-06-26T06:00:00Z,0,191.830448,0,1,0,1,4,3,18.142,CTX_STATUS_01KVYNAMMJ7AMF94YBECG6JG6Q
2026-06-26T06:00:00Z,2026-06-26T12:00:00Z,0,197.830448,0,1,0,1,4,3,24.142,CTX_STATUS_01KVYNAMMJ7AMF94YBECG6JG6Q
2026-06-26T12:00:00Z,2026-06-26T18:00:00Z,0,203.830448,0,1,0,1,4,3,30.142,CTX_STATUS_01KVYNAMMJ7AMF94YBECG6JG6Q
2026-06-26T18:00:00Z,2026-06-27T00:00:00Z,1,209.830448,1,1,1,1,5,3,0.933,CTX_2070653282440405046;CTX_STATUS_01KVYNAMMJ7AMF94YBECG6JG6Q
2026-06-27T00:00:00Z,2026-06-27T06:00:00Z,0,0.336648,0,1,1,1,5,3,6.933,CTX_2070653282440405046;CTX_STATUS_01KVYNAMMJ7AMF94YBECG6JG6Q
2026-06-27T06:00:00Z,2026-06-27T12:00:00Z,0,6.336648,0,1,1,1,5,3,12.933,CTX_2070653282440405046;CTX_STATUS_01KVYNAMMJ7AMF94YBECG6JG6Q
2026-06-27T12:00:00Z,2026-06-27T18:00:00Z,0,12.336648,0,1,1,0,5,3,18.933,CTX_2070653282440405046;CTX_STATUS_01KVYNAMMJ7AMF94YBECG6JG6Q
2026-06-27T18:00:00Z,2026-06-28T00:00:00Z,0,18.336648,0,1,1,0,5,3,24.933,CTX_2070653282440405046;CTX_STATUS_01KVYNAMMJ7AMF94YBECG6JG6Q
2026-06-28T00:00:00Z,2026-06-28T06:00:00Z,0,24.336648,0,1,1,0,5,3,30.933,CTX_2070653282440405046;CTX_STATUS_01KVYNAMMJ7AMF94YBECG6JG6Q
2026-06-28T06:00:00Z,2026-06-28T12:00:00Z,0,30.336648,0,1,1,0,5,3,36.933,CTX_2070653282440405046
2026-06-28T12:00:00Z,2026-06-28T18:00:00Z,0,36.336648,0,1,1,0,5,3,42.933,CTX_2070653282440405046
2026-06-28T18:00:00Z,2026-06-29T00:00:00Z,1,42.336648,1,1,1,0,5,3,48.933,CTX_2070653282440405046
2026-06-29T00:00:00Z,2026-06-29T06:00:00Z,0,0.097787,0,1,1,0,5,3,54.933,CTX_2070653282440405046
2026-06-29T06:00:00Z,2026-06-29T12:00:00Z,0,6.097787,0,1,1,0,5,3,60.933,CTX_2070653282440405046
2026-06-29T12:00:00Z,2026-06-29T18:00:00Z,0,12.097787,0,1,1,0,5,3,5.000,CTX_2070653282440405046;CTX_STATUS_01KWDW344V7XWEQERJSEW62W57
2026-06-29T18:00:00Z,2026-06-30T00:00:00Z,1,18.097787,1,1,1,0,4,3,11.000,CTX_STATUS_01KWDW344V7XWEQERJSEW62W57
2026-06-30T00:00:00Z,2026-06-30T06:00:00Z,0,0.338436,0,1,1,0,4,3,17.000,CTX_STATUS_01KWDW344V7XWEQERJSEW62W57
2026-06-30T06:00:00Z,2026-06-30T12:00:00Z,0,6.338436,0,1,1,0,4,3,23.000,CTX_STATUS_01KWDW344V7XWEQERJSEW62W57
2026-06-30T12:00:00Z,2026-06-30T18:00:00Z,0,12.338436,0,1,1,0,4,3,29.000,CTX_STATUS_01KWDW344V7XWEQERJSEW62W57
2026-06-30T18:00:00Z,2026-07-01T00:00:00Z,0,18.338436,0,1,1,0,4,3,35.000,CTX_STATUS_01KWDW344V7XWEQERJSEW62W57
2026-07-01T00:00:00Z,2026-07-01T06:00:00Z,0,24.338436,0,1,1,0,4,3,41.000,CTX_STATUS_01KWDW344V7XWEQERJSEW62W57
2026-07-01T06:00:00Z,2026-07-01T12:00:00Z,0,30.338436,0,1,1,0,4,3,47.000,CTX_STATUS_01KWDW344V7XWEQERJSEW62W57
2026-07-01T12:00:00Z,2026-07-01T18:00:00Z,0,36.338436,0,1,1,0,4,3,53.000,CTX_STATUS_01KWDW344V7XWEQERJSEW62W57
2026-07-01T18:00:00Z,2026-07-02T00:00:00Z,0,42.338436,0,1,1,0,4,3,59.000,CTX_STATUS_01KWDW344V7XWEQERJSEW62W57
2026-07-02T00:00:00Z,2026-07-02T06:00:00Z,0,48.338436,0,1,1,0,4,3,65.000,CTX_STATUS_01KWDW344V7XWEQERJSEW62W57
2026-07-02T06:00:00Z,2026-07-02T12:00:00Z,0,54.338436,0,1,1,0,4,3,71.000,CTX_STATUS_01KWDW344V7XWEQERJSEW62W57
2026-07-02T12:00:00Z,2026-07-02T18:00:00Z,0,60.338436,0,0,0,0,0,0,,
2026-07-02T18:00:00Z,2026-07-03T00:00:00Z,0,66.338436,0,0,0,0,0,0,,
2026-07-03T00:00:00Z,2026-07-03T06:00:00Z,0,72.338436,0,0,0,0,0,0,,
2026-07-03T06:00:00Z,2026-07-03T12:00:00Z,0,78.338436,0,0,0,0,0,0,,
2026-07-03T12:00:00Z,2026-07-03T18:00:00Z,0,84.338436,0,0,0,0,0,0,,
2026-07-03T18:00:00Z,2026-07-04T00:00:00Z,0,90.338436,0,0,0,0,0,0,,
2026-07-04T00:00:00Z,2026-07-04T06:00:00Z,0,96.338436,0,0,0,0,0,0,,
2026-07-04T06:00:00Z,2026-07-04T12:00:00Z,0,102.338436,0,0,0,0,0,0,,
2026-07-04T12:00:00Z,2026-07-04T18:00:00Z,0,108.338436,0,0,0,0,0,0,,
2026-07-04T18:00:00Z,2026-07-05T00:00:00Z,0,114.338436,0,0,0,0,0,0,,
2026-07-05T00:00:00Z,2026-07-05T06:00:00Z,0,120.338436,0,0,0,0,0,0,,
2026-07-05T06:00:00Z,2026-07-05T12:00:00Z,0,126.338436,0,0,0,0,0,0,,
2026-07-05T12:00:00Z,2026-07-05T18:00:00Z,0,132.338436,0,0,0,0,0,0,,
2026-07-05T18:00:00Z,2026-07-06T00:00:00Z,0,138.338436,0,0,0,0,0,0,,
2026-07-06T00:00:00Z,2026-07-06T06:00:00Z,0,144.338436,0,0,0,0,0,0,,
2026-07-06T06:00:00Z,2026-07-06T12:00:00Z,0,150.338436,0,0,0,0,0,0,,
2026-07-06T12:00:00Z,2026-07-06T18:00:00Z,0,156.338436,0,0,0,0,0,0,,
2026-07-06T18:00:00Z,2026-07-07T00:00:00Z,0,162.338436,0,0,0,0,0,0,,
2026-07-07T00:00:00Z,2026-07-07T06:00:00Z,0,168.338436,0,0,0,0,0,0,,
2026-07-07T06:00:00Z,2026-07-07T12:00:00Z,0,174.338436,0,0,0,0,0,0,,
2026-07-07T12:00:00Z,2026-07-07T18:00:00Z,0,180.338436,0,0,0,0,0,0,,
2026-07-07T18:00:00Z,2026-07-08T00:00:00Z,0,186.338436,0,0,0,0,0,0,,
2026-07-08T00:00:00Z,2026-07-08T06:00:00Z,0,192.338436,0,0,0,0,0,0,,
2026-07-08T06:00:00Z,2026-07-08T12:00:00Z,0,198.338436,0,0,0,0,0,0,,
2026-07-08T12:00:00Z,2026-07-08T18:00:00Z,0,204.338436,0,0,0,0,0,0,,
2026-07-08T18:00:00Z,2026-07-09T00:00:00Z,0,210.338436,0,0,0,0,0,0,,
2026-07-09T00:00:00Z,2026-07-09T06:00:00Z,0,216.338436,0,0,0,0,0,0,,
2026-07-09T06:00:00Z,2026-07-09T12:00:00Z,0,222.338436,0,0,0,0,0,0,,
2026-07-09T12:00:00Z,2026-07-09T18:00:00Z,0,228.338436,0,0,0,0,0,0,,
2026-07-09T18:00:00Z,2026-07-10T00:00:00Z,1,234.338436,1,0,0,0,0,0,,
2026-07-10T00:00:00Z,2026-07-10T06:00:00Z,0,2.596711,0,0,0,0,0,0,,
2026-07-10T06:00:00Z,2026-07-10T12:00:00Z,0,8.596711,0,0,0,0,0,0,,
2026-07-10T12:00:00Z,2026-07-10T18:00:00Z,1,14.596711,1,0,0,0,0,0,,
2026-07-10T18:00:00Z,2026-07-11T00:00:00Z,0,0.004490,0,0,0,0,0,0,,
2026-07-11T00:00:00Z,2026-07-11T06:00:00Z,1,6.004490,1,0,0,0,0,0,,
2026-07-11T06:00:00Z,2026-07-11T12:00:00Z,0,0.093043,0,0,0,0,0,0,,
2026-07-11T12:00:00Z,2026-07-11T18:00:00Z,0,6.093043,0,0,0,0,0,0,,
2026-07-11T18:00:00Z,2026-07-12T00:00:00Z,0,12.093043,0,0,0,0,0,0,,
2026-07-12T00:00:00Z,2026-07-12T06:00:00Z,0,18.093043,0,0,0,0,0,0,,
2026-07-12T06:00:00Z,2026-07-12T12:00:00Z,0,24.093043,0,0,0,0,0,0,,
2026-07-12T12:00:00Z,2026-07-12T18:00:00Z,1,30.093043,1,0,0,0,0,0,,
2026-07-12T18:00:00Z,2026-07-13T00:00:00Z,1,0.000571,1,0,0,0,0,0,,
2026-07-13T00:00:00Z,2026-07-13T06:00:00Z,0,2.516929,0,0,0,0,0,0,,
2026-07-13T06:00:00Z,2026-07-13T12:00:00Z,0,8.516929,0,0,0,0,0,0,,
2026-07-13T12:00:00Z,2026-07-13T18:00:00Z,0,14.516929,0,0,0,0,0,0,,
2026-07-13T18:00:00Z,2026-07-14T00:00:00Z,1,20.516929,1,0,0,0,0,0,,
2026-07-14T00:00:00Z,2026-07-14T06:00:00Z,0,5.508052,0,0,0,0,0,0,,
2026-07-14T06:00:00Z,2026-07-14T12:00:00Z,0,11.508052,0,0,0,0,0,0,,
2026-07-14T12:00:00Z,2026-07-14T18:00:00Z,0,17.508052,0,0,0,0,0,0,,
2026-07-14T18:00:00Z,2026-07-15T00:00:00Z,1,23.508052,1,0,0,0,0,0,,
2026-07-15T00:00:00Z,2026-07-15T06:00:00Z,0,4.418156,0,0,0,0,0,0,,
2026-07-15T06:00:00Z,2026-07-15T12:00:00Z,0,10.418156,0,0,0,0,0,0,,
2026-07-15T12:00:00Z,2026-07-15T18:00:00Z,0,16.418156,0,0,0,0,0,0,,
2026-07-15T18:00:00Z,2026-07-16T00:00:00Z,0,22.418156,0,0,0,0,0,0,,
2026-07-16T00:00:00Z,2026-07-16T06:00:00Z,1,28.418156,1,0,0,0,0,0,,
2026-07-16T06:00:00Z,2026-07-16T12:00:00Z,0,1.763938,0,0,0,0,0,0,,
2026-07-16T12:00:00Z,2026-07-16T18:00:00Z,0,7.763938,0,0,0,0,0,0,,
2026-07-16T18:00:00Z,2026-07-17T00:00:00Z,0,13.763938,0,0,0,0,0,0,,
2026-07-17T00:00:00Z,2026-07-17T06:00:00Z,0,19.763938,0,0,0,0,0,0,,
2026-07-17T06:00:00Z,2026-07-17T12:00:00Z,0,25.763938,0,0,0,0,0,0,,
2026-07-17T12:00:00Z,2026-07-17T18:00:00Z,0,31.763938,0,0,0,0,0,0,,
2026-07-17T18:00:00Z,2026-07-18T00:00:00Z,0,37.763938,0,1,1,0,4,3,0.677,CTX_STATUS_01KXRBA8B98QHMMVP3M86NHFZ1;CTX_STATUS_01KXRHE25717D2WQ1WFMT2B7WZ
2026-07-18T00:00:00Z,2026-07-18T06:00:00Z,1,43.763938,1,1,1,1,4,3,6.677,CTX_STATUS_01KXRBA8B98QHMMVP3M86NHFZ1;CTX_STATUS_01KXRHE25717D2WQ1WFMT2B7WZ
2026-07-18T06:00:00Z,2026-07-18T12:00:00Z,0,2.527059,0,1,1,1,4,3,12.677,CTX_STATUS_01KXRBA8B98QHMMVP3M86NHFZ1;CTX_STATUS_01KXRHE25717D2WQ1WFMT2B7WZ
2026-07-18T12:00:00Z,2026-07-18T18:00:00Z,0,8.527059,0,1,1,1,6,3,3.906,CTX_STATUS_01KXRBA8B98QHMMVP3M86NHFZ1;CTX_STATUS_01KXRHE25717D2WQ1WFMT2B7WZ;CTX_STATUS_01KXT44TAQQ2R0AZDDVSJGAC4H
2026-07-18T18:00:00Z,2026-07-19T00:00:00Z,0,14.527059,0,1,0,1,6,3,9.906,CTX_STATUS_01KXRBA8B98QHMMVP3M86NHFZ1;CTX_STATUS_01KXRHE25717D2WQ1WFMT2B7WZ;CTX_STATUS_01KXT44TAQQ2R0AZDDVSJGAC4H
2026-07-19T00:00:00Z,2026-07-19T06:00:00Z,0,20.527059,0,1,0,1,6,3,15.906,CTX_STATUS_01KXRBA8B98QHMMVP3M86NHFZ1;CTX_STATUS_01KXRHE25717D2WQ1WFMT2B7WZ;CTX_STATUS_01KXT44TAQQ2R0AZDDVSJGAC4H
2026-07-19T06:00:00Z,2026-07-19T12:00:00Z,0,26.527059,0,1,0,1,6,3,21.906,CTX_STATUS_01KXRBA8B98QHMMVP3M86NHFZ1;CTX_STATUS_01KXRHE25717D2WQ1WFMT2B7WZ;CTX_STATUS_01KXT44TAQQ2R0AZDDVSJGAC4H
2026-07-19T12:00:00Z,2026-07-19T18:00:00Z,0,32.527059,0,1,0,1,6,3,27.906,CTX_STATUS_01KXRBA8B98QHMMVP3M86NHFZ1;CTX_STATUS_01KXRHE25717D2WQ1WFMT2B7WZ;CTX_STATUS_01KXT44TAQQ2R0AZDDVSJGAC4H
2026-07-19T18:00:00Z,2026-07-20T00:00:00Z,0,38.527059,0,1,0,1,6,3,33.906,CTX_STATUS_01KXRBA8B98QHMMVP3M86NHFZ1;CTX_STATUS_01KXRHE25717D2WQ1WFMT2B7WZ;CTX_STATUS_01KXT44TAQQ2R0AZDDVSJGAC4H
2026-07-20T00:00:00Z,2026-07-20T06:00:00Z,0,44.527059,0,1,0,1,6,3,39.906,CTX_STATUS_01KXRBA8B98QHMMVP3M86NHFZ1;CTX_STATUS_01KXRHE25717D2WQ1WFMT2B7WZ;CTX_STATUS_01KXT44TAQQ2R0AZDDVSJGAC4H
2026-07-20T06:00:00Z,2026-07-20T12:00:00Z,0,50.527059,0,1,0,1,6,3,5.424,CTX_STATUS_01KXRBA8B98QHMMVP3M86NHFZ1;CTX_STATUS_01KXRHE25717D2WQ1WFMT2B7WZ;CTX_STATUS_01KXT44TAQQ2R0AZDDVSJGAC4H;CTX_STATUS_01KXYF4BTCV9DTZ5NDSFN716FH
2026-07-20T12:00:00Z,2026-07-20T18:00:00Z,0,56.527059,0,1,0,1,6,3,11.424,CTX_STATUS_01KXRBA8B98QHMMVP3M86NHFZ1;CTX_STATUS_01KXRHE25717D2WQ1WFMT2B7WZ;CTX_STATUS_01KXT44TAQQ2R0AZDDVSJGAC4H;CTX_STATUS_01KXYF4BTCV9DTZ5NDSFN716FH
2026-07-20T18:00:00Z,2026-07-21T00:00:00Z,0,62.527059,0,1,0,1,6,3,17.424,CTX_STATUS_01KXT44TAQQ2R0AZDDVSJGAC4H;CTX_STATUS_01KXYF4BTCV9DTZ5NDSFN716FH
2026-07-21T00:00:00Z,2026-07-21T06:00:00Z,0,68.527059,0,1,0,1,6,3,23.424,CTX_STATUS_01KXT44TAQQ2R0AZDDVSJGAC4H;CTX_STATUS_01KXYF4BTCV9DTZ5NDSFN716FH
2026-07-21T06:00:00Z,2026-07-21T12:00:00Z,0,74.527059,0,1,0,1,6,3,29.424,CTX_STATUS_01KXT44TAQQ2R0AZDDVSJGAC4H;CTX_STATUS_01KXYF4BTCV9DTZ5NDSFN716FH
2026-07-21T12:00:00Z,2026-07-21T18:00:00Z,1,80.527059,1,1,0,1,5,3,35.424,CTX_STATUS_01KXYF4BTCV9DTZ5NDSFN716FH
2026-07-21T18:00:00Z,2026-07-22T00:00:00Z,0,1.212451,0,1,0,1,5,3,41.424,CTX_STATUS_01KXYF4BTCV9DTZ5NDSFN716FH
2026-07-22T00:00:00Z,2026-07-22T06:00:00Z,0,7.212451,0,1,0,1,5,3,47.424,CTX_STATUS_01KXYF4BTCV9DTZ5NDSFN716FH
2026-07-22T06:00:00Z,2026-07-22T12:00:00Z,0,13.212451,0,1,0,0,5,3,53.424,CTX_STATUS_01KXYF4BTCV9DTZ5NDSFN716FH
2026-07-22T12:00:00Z,2026-07-22T18:00:00Z,0,19.212451,0,1,0,0,5,3,59.424,CTX_STATUS_01KXYF4BTCV9DTZ5NDSFN716FH
2026-07-22T18:00:00Z,2026-07-23T00:00:00Z,0,25.212451,0,1,0,0,5,3,65.424,CTX_STATUS_01KXYF4BTCV9DTZ5NDSFN716FH
2026-07-23T00:00:00Z,2026-07-23T06:00:00Z,0,31.212451,0,1,0,0,5,3,71.424,CTX_STATUS_01KXYF4BTCV9DTZ5NDSFN716FH
2026-07-23T06:00:00Z,2026-07-23T12:00:00Z,0,37.212451,0,0,0,0,0,0,,
2026-07-23T12:00:00Z,2026-07-23T18:00:00Z,0,43.212451,0,0,0,0,0,0,,
2026-07-23T18:00:00Z,2026-07-24T00:00:00Z,0,49.212451,0,0,0,0,0,0,,
2026-07-24T00:00:00Z,2026-07-24T06:00:00Z,0,55.212451,0,0,0,0,0,0,,
2026-07-24T06:00:00Z,2026-07-24T12:00:00Z,0,61.212451,0,0,0,0,0,0,,
2026-07-24T12:00:00Z,2026-07-24T18:00:00Z,0,67.212451,0,1,0,1,5,3,4.076,CTX_STATUS_01KY9HYHCMK8AND23B4X17XQEK
2026-07-24T18:00:00Z,2026-07-25T00:00:00Z,0,73.212451,0,1,0,1,5,3,10.076,CTX_STATUS_01KY9HYHCMK8AND23B4X17XQEK
2026-07-25T00:00:00Z,2026-07-25T06:00:00Z,0,79.212451,0,1,0,1,5,3,16.076,CTX_STATUS_01KY9HYHCMK8AND23B4X17XQEK
2026-07-25T06:00:00Z,2026-07-25T12:00:00Z,0,85.212451,0,1,0,1,5,3,22.076,CTX_STATUS_01KY9HYHCMK8AND23B4X17XQEK
2026-07-25T12:00:00Z,2026-07-25T18:00:00Z,0,91.212451,0,1,0,1,8,3,2.703,CTX_2081096447718723984;CTX_STATUS_01KY9HYHCMK8AND23B4X17XQEK
2026-07-25T18:00:00Z,2026-07-26T00:00:00Z,1,97.212451,1,1,0,1,8,3,8.703,CTX_2081096447718723984;CTX_STATUS_01KY9HYHCMK8AND23B4X17XQEK
2026-07-26T00:00:00Z,2026-07-26T06:00:00Z,0,4.713140,0,1,0,1,8,3,14.703,CTX_2081096447718723984;CTX_STATUS_01KY9HYHCMK8AND23B4X17XQEK
2026-07-26T06:00:00Z,2026-07-26T12:00:00Z,0,10.713140,0,1,0,1,8,3,20.703,CTX_2081096447718723984;CTX_STATUS_01KY9HYHCMK8AND23B4X17XQEK
2026-07-26T12:00:00Z,2026-07-26T18:00:00Z,0,16.713140,0,1,0,1,8,3,26.703,CTX_2081096447718723984;CTX_STATUS_01KY9HYHCMK8AND23B4X17XQEK
2026-07-26T18:00:00Z,2026-07-27T00:00:00Z,0,22.713140,0,1,0,1,8,3,32.703,CTX_2081096447718723984;CTX_STATUS_01KY9HYHCMK8AND23B4X17XQEK
2026-07-27T00:00:00Z,2026-07-27T06:00:00Z,0,28.713140,0,1,0,1,8,3,38.703,CTX_2081096447718723984;CTX_STATUS_01KY9HYHCMK8AND23B4X17XQEK
2026-07-27T06:00:00Z,2026-07-27T12:00:00Z,0,34.713140,0,1,0,1,8,3,44.703,CTX_2081096447718723984;CTX_STATUS_01KY9HYHCMK8AND23B4X17XQEK
2026-07-27T12:00:00Z,2026-07-27T18:00:00Z,0,40.713140,0,1,0,0,8,3,50.703,CTX_2081096447718723984
2026-07-27T18:00:00Z,2026-07-28T00:00:00Z,0,46.713140,0,1,0,0,8,3,56.703,CTX_2081096447718723984
2026-07-28T00:00:00Z,2026-07-28T06:00:00Z,1,52.713140,1,1,0,0,8,3,62.703,CTX_2081096447718723984
2026-07-28T06:00:00Z,2026-07-28T12:00:00Z,0,2.843426,0,1,0,0,8,3,68.703,CTX_2081096447718723984
2026-07-28T12:00:00Z,2026-07-28T18:00:00Z,0,8.843426,0,0,0,0,0,0,,
2026-07-28T18:00:00Z,2026-07-29T00:00:00Z,0,14.843426,0,0,0,0,0,0,,
