issued_at_utc,label_6h,training_rows,p_m0,p_m1,p_m2,p_m3,p_m3_no_stage,p_m3_no_strength,p_m3_no_attention,p_m3_no_age,p_m3_lag_bins
2025-11-23T00:00:00Z,0,267,0.01115242,0.00348677,0.00622421,0.00567725,0.00638860,0.00542066,0.00566062,0.00521914,0.00525207
2025-11-23T06:00:00Z,0,268,0.01111111,0.00372935,0.00339666,0.00593346,0.00666938,0.00562840,0.00584834,0.00558915,0.00546194
2025-11-23T12:00:00Z,0,269,0.01107011,0.00392909,0.00607001,0.00692445,0.00686863,0.00658548,0.00683221,0.00667619,0.00583747
2025-11-23T18:00:00Z,0,270,0.01102941,0.00409796,0.01225447,0.00715029,0.00701197,0.00669603,0.00691408,0.00695071,0.00607795
2025-11-24T00:00:00Z,0,271,0.01098901,0.00424356,0.00647350,0.00726932,0.00711429,0.00677154,0.00695912,0.00714051,0.00785972
2025-11-24T06:00:00Z,0,272,0.01094891,0.00437104,0.00339311,0.00735670,0.00718459,0.00681982,0.00697576,0.00735040,0.00804109
2025-11-24T12:00:00Z,0,273,0.01090909,0.00448406,0.00595873,0.00741719,0.00722837,0.00684554,0.00696967,0.00752247,0.00819000
2025-11-24T18:00:00Z,0,274,0.01086957,0.00458530,0.01187618,0.00745365,0.00724898,0.00685155,0.00694476,0.00766460,0.00828516
2025-11-25T00:00:00Z,0,275,0.01083032,0.00467676,0.00618595,0.00746780,0.00724839,0.00683959,0.00690305,0.00778299,0.00679844
2025-11-25T06:00:00Z,0,276,0.01079137,0.00476002,0.00320984,0.00746062,0.00722778,0.00681076,0.00676938,0.00787385,0.00688660
2025-11-25T12:00:00Z,0,277,0.01075269,0.00483630,0.00696521,0.00672392,0.00718784,0.00605795,0.00598048,0.00715702,0.00696240
2025-11-25T18:00:00Z,0,278,0.01071429,0.00490658,0.01364990,0.00668915,0.00712908,0.00601061,0.00589933,0.00723121,0.00702776
2025-11-26T00:00:00Z,0,279,0.01067616,0.00497166,0.00706903,0.00837509,0.00819551,0.00844283,0.00815684,0.00771815,0.00687826
2025-11-26T06:00:00Z,0,280,0.01063830,0.00503219,0.00364304,0.00835042,0.00816238,0.00839216,0.00809445,0.00778953,0.00693696
2025-11-26T12:00:00Z,0,281,0.01060071,0.00508872,0.00839931,0.00825374,0.00804927,0.00824296,0.00791749,0.00785342,0.00680848
2025-11-26T18:00:00Z,0,282,0.01056338,0.00514171,0.01645152,0.00817480,0.00795544,0.00811711,0.00776786,0.00791073,0.00685758
2025-11-27T00:00:00Z,0,283,0.01052632,0.00519154,0.00846374,0.00810775,0.00787478,0.00800828,0.00763766,0.00796222,0.00690164
2025-11-27T06:00:00Z,0,284,0.01048951,0.00523853,0.00434466,0.00804800,0.00780257,0.00789735,0.00752085,0.00800853,0.00869344
2025-11-27T12:00:00Z,0,285,0.01045296,0.00528299,0.00956784,0.00810396,0.00773498,0.00779304,0.00741268,0.00805020,0.00872249
2025-11-27T18:00:00Z,0,286,0.01041667,0.00532514,0.01867613,0.00804712,0.00766881,0.00769218,0.00730928,0.00808771,0.00874748
2025-11-28T00:00:00Z,0,287,0.01038062,0.00532834,0.00966864,0.00798755,0.00760130,0.00759155,0.00724037,0.00812146,0.00876883
2025-11-28T06:00:00Z,0,288,0.01034483,0.00536701,0.00492452,0.00719609,0.00753002,0.00675677,0.00639691,0.00735703,0.00710589
2025-11-28T12:00:00Z,0,289,0.01030928,0.00540393,0.00958691,0.00713584,0.00745287,0.00666663,0.00631041,0.00738543,0.00712806
2025-11-28T18:00:00Z,0,290,0.01027397,0.00543926,0.01875692,0.00706810,0.00736805,0.00657155,0.00621982,0.00741125,0.00714780
2025-11-29T00:00:00Z,0,291,0.01023891,0.00547312,0.00958614,0.00699149,0.00727411,0.00647010,0.00612411,0.00743473,0.00716532
2025-11-29T06:00:00Z,0,292,0.01020408,0.00550561,0.00490034,0.00426896,0.00433144,0.00447822,0.00453955,0.00436378,0.00445841
2025-11-29T12:00:00Z,0,293,0.01016949,0.00553685,0.00951840,0.00429771,0.00436031,0.00450738,0.00456908,0.00439300,0.00448764
2025-11-29T18:00:00Z,0,294,0.01013514,0.00556693,0.01841825,0.00432531,0.00438801,0.00453546,0.00459746,0.00442108,0.00451570
2025-11-30T00:00:00Z,0,295,0.01010101,0.00559591,0.00942605,0.00435185,0.00441462,0.00456253,0.00462477,0.00444808,0.00454268
2025-11-30T06:00:00Z,0,296,0.01006711,0.00562388,0.00481788,0.00437739,0.00444021,0.00458867,0.00465108,0.00447409,0.00456865
2025-11-30T12:00:00Z,0,297,0.01003344,0.00565091,0.00827869,0.00440199,0.00446485,0.00461393,0.00467646,0.00449916,0.00459368
2025-11-30T18:00:00Z,0,298,0.01000000,0.00567704,0.01611328,0.00442572,0.00448860,0.00463836,0.00470097,0.00452336,0.00461782
2025-12-01T00:00:00Z,0,299,0.00996678,0.00570234,0.00826566,0.00444864,0.00451151,0.00466200,0.00472465,0.00454674,0.00464112
2025-12-01T06:00:00Z,0,300,0.00993377,0.00572685,0.00424503,0.00447078,0.00453362,0.00468490,0.00474757,0.00456935,0.00466363
2025-12-01T12:00:00Z,0,301,0.00990099,0.00575062,0.01958087,0.00449219,0.00455499,0.00470709,0.00476975,0.00459122,0.00468540
2025-12-01T18:00:00Z,0,302,0.00986842,0.00577368,0.03524199,0.00451291,0.00457566,0.00472861,0.00479125,0.00461241,0.00470646
2025-12-02T00:00:00Z,0,303,0.00983607,0.00579607,0.01684554,0.00453298,0.00459565,0.00474948,0.00481210,0.00463294,0.00472686
2025-12-02T06:00:00Z,0,304,0.00980392,0.00581783,0.00817558,0.00455243,0.00461501,0.00476973,0.00483234,0.00465285,0.00474661
2025-12-02T12:00:00Z,0,305,0.00977199,0.00583898,0.01681987,0.00457130,0.00463377,0.00478939,0.00485198,0.00467217,0.00476575
2025-12-02T18:00:00Z,1,306,0.00974026,0.00585956,0.03111650,0.00458960,0.00465195,0.00480847,0.00487107,0.00469093,0.00478431
2025-12-03T00:00:00Z,0,307,0.01294498,0.00547396,0.03061697,0.00477438,0.00487137,0.00487889,0.00498037,0.00485181,0.00485570
2025-12-03T06:00:00Z,0,308,0.01290323,0.00572820,0.01287173,0.00660561,0.00644566,0.00669777,0.00660852,0.00671030,0.00614798
2025-12-03T12:00:00Z,0,309,0.01286174,0.00593795,0.03362474,0.00682825,0.00665240,0.00691432,0.00680095,0.00695370,0.00616892
2025-12-03T18:00:00Z,0,310,0.01282051,0.00611600,0.07622221,0.00702046,0.00683017,0.00709846,0.00696383,0.00715585,0.00635515
2025-12-04T00:00:00Z,0,311,0.01277955,0.00627036,0.03143194,0.00719114,0.00698750,0.00726039,0.00710647,0.00732705,0.00651344
2025-12-04T06:00:00Z,0,312,0.01273885,0.00640637,0.01295776,0.00734552,0.00712940,0.00740599,0.00723421,0.00747419,0.00828092
2025-12-04T12:00:00Z,0,313,0.01269841,0.00652778,0.02831329,0.00748656,0.00725873,0.00753858,0.00735004,0.00760210,0.00841442
2025-12-04T18:00:00Z,0,314,0.01265823,0.00663731,0.06459805,0.00761572,0.00737691,0.00765980,0.00745544,0.00771430,0.00853072
2025-12-05T00:00:00Z,0,315,0.01261830,0.00673702,0.02668733,0.00773338,0.00748434,0.00777018,0.00755088,0.00781342,0.00863277
2025-12-05T06:00:00Z,0,316,0.01257862,0.00682846,0.01099956,0.00726365,0.00758070,0.00726988,0.00703108,0.00730932,0.00707428
2025-12-05T12:00:00Z,0,317,0.01253918,0.00691288,0.02181676,0.00735452,0.00766505,0.00735567,0.00710485,0.00738413,0.00714837
2025-12-05T18:00:00Z,0,318,0.01250000,0.00699124,0.05035657,0.00743312,0.00773605,0.00743053,0.00716866,0.00745128,0.00721493
2025-12-06T00:00:00Z,0,319,0.01246106,0.00706434,0.02083022,0.00749790,0.00779205,0.00749302,0.00722126,0.00751176,0.00727493
2025-12-06T06:00:00Z,0,320,0.01242236,0.00713283,0.00858513,0.00654399,0.00666281,0.00664911,0.00673462,0.00660541,0.00664650
2025-12-06T12:00:00Z,0,321,0.01238390,0.00719725,0.01990433,0.00660371,0.00672295,0.00670919,0.00679425,0.00666548,0.00670955
2025-12-06T18:00:00Z,0,322,0.01234568,0.00725805,0.04592442,0.00665975,0.00677936,0.00676561,0.00685022,0.00672181,0.00676894
2025-12-07T00:00:00Z,0,323,0.01230769,0.00731561,0.01901948,0.00671252,0.00683245,0.00681877,0.00690293,0.00677482,0.00682507
2025-12-07T06:00:00Z,0,324,0.01226994,0.00737025,0.00781649,0.00676234,0.00688256,0.00686901,0.00695272,0.00682483,0.00687826
2025-12-07T12:00:00Z,0,325,0.01223242,0.00742226,0.01988379,0.00680950,0.00692997,0.00691660,0.00699986,0.00687215,0.00692879
2025-12-07T18:00:00Z,0,326,0.01219512,0.00747186,0.04637972,0.00685425,0.00697495,0.00696180,0.00704461,0.00691701,0.00697692
2025-12-08T00:00:00Z,0,327,0.01215805,0.00751927,0.01912914,0.00689681,0.00701770,0.00700482,0.00705743,0.00695965,0.00702285
2025-12-08T06:00:00Z,0,328,0.01212121,0.00756467,0.00786074,0.00693736,0.00705843,0.00704585,0.00709899,0.00700024,0.00706676
2025-12-08T12:00:00Z,0,329,0.01208459,0.00760821,0.02131205,0.00697606,0.00709729,0.00708505,0.00713871,0.00701623,0.00710882
2025-12-08T18:00:00Z,0,330,0.01204819,0.00765004,0.04905125,0.00701306,0.00713444,0.00712255,0.00717673,0.00705419,0.00714916
2025-12-09T00:00:00Z,0,331,0.01201201,0.00769028,0.02057636,0.00822148,0.00879606,0.00825397,0.00813420,0.00830523,0.00836219
2025-12-09T06:00:00Z,0,332,0.01197605,0.00772903,0.00852283,0.00903687,0.00875871,0.00907127,0.00896024,0.00917925,0.00821457
2025-12-09T12:00:00Z,0,333,0.01194030,0.00776641,0.02444939,0.00902776,0.00874056,0.00905064,0.00892379,0.00918839,0.00822326
2025-12-09T18:00:00Z,0,334,0.01190476,0.00780248,0.05641917,0.00903299,0.00873694,0.00904551,0.00890381,0.00919562,0.00823039
2025-12-10T00:00:00Z,0,335,0.01186944,0.00783733,0.02356388,0.00895696,0.00870040,0.00899264,0.00891961,0.00920107,0.00855246
2025-12-10T06:00:00Z,0,336,0.01183432,0.00787103,0.00969806,0.00894477,0.00867897,0.00896931,0.00887951,0.00920486,0.00825142
2025-12-10T12:00:00Z,0,337,0.01179941,0.00790365,0.02424803,0.00895056,0.00867578,0.00896501,0.00885982,0.00920707,0.00825418
2025-12-10T18:00:00Z,0,338,0.01176471,0.00793523,0.05585748,0.00897024,0.00868672,0.00897562,0.00885605,0.00920782,0.00825576
2025-12-11T00:00:00Z,0,339,0.01173021,0.00796583,0.02313517,0.00900032,0.00870831,0.00904617,0.00886448,0.00920717,0.01034578
2025-12-11T06:00:00Z,0,340,0.01169591,0.00799549,0.00951623,0.00903767,0.00873749,0.00907580,0.00888185,0.00920520,0.01032938
2025-12-11T12:00:00Z,0,341,0.01166181,0.00802426,0.02008999,0.00907930,0.00877132,0.00911089,0.00890518,0.00920199,0.01031209
2025-12-11T18:00:00Z,0,342,0.01162791,0.00805217,0.04652637,0.00865306,0.00854359,0.00873808,0.00863415,0.00906106,0.00847530
2025-12-12T00:00:00Z,0,343,0.01159420,0.00807926,0.01925997,0.00802928,0.00854082,0.00807407,0.00794374,0.00839593,0.00813964
2025-12-12T06:00:00Z,0,344,0.01156069,0.00810557,0.00795671,0.00803824,0.00855499,0.00807601,0.00793506,0.00837856,0.00812190
2025-12-12T12:00:00Z,0,345,0.01152738,0.00813111,0.01571400,0.00805936,0.00858264,0.00809126,0.00794012,0.00836071,0.00810383
2025-12-12T18:00:00Z,0,346,0.01149425,0.00815591,0.03658943,0.00809002,0.00862080,0.00811712,0.00795611,0.00834240,0.01012957
2025-12-13T00:00:00Z,0,347,0.01146132,0.00818000,0.01517632,0.00900604,0.00866682,0.00905150,0.00888227,0.00922206,0.01033634
2025-12-13T06:00:00Z,0,348,0.01142857,0.00820340,0.00628954,0.00906361,0.00871811,0.00910488,0.00892459,0.00921075,0.01031107
2025-12-13T12:00:00Z,0,349,0.01139601,0.00822613,0.01463148,0.00906203,0.00877211,0.00916193,0.00897098,0.00919860,0.01028534
2025-12-13T18:00:00Z,0,350,0.01136364,0.00824821,0.03412548,0.00912975,0.00882613,0.00921991,0.00901875,0.00918567,0.00817221
2025-12-14T00:00:00Z,0,351,0.01133144,0.00826966,0.01414013,0.00919397,0.00887735,0.00927591,0.00906511,0.00917199,0.00815658
2025-12-14T06:00:00Z,0,352,0.01129944,0.00829048,0.00585085,0.00925144,0.00892278,0.00932688,0.00910710,0.00915758,0.00814053
2025-12-14T12:00:00Z,0,353,0.01126761,0.00831069,0.01513169,0.00929878,0.00895931,0.00936958,0.00914167,0.00914249,0.00812409
2025-12-14T18:00:00Z,0,354,0.01123596,0.00833032,0.03530061,0.00809267,0.00818012,0.00809741,0.00816045,0.00804793,0.00810310
2025-12-15T00:00:00Z,0,355,0.01120448,0.00834936,0.01456476,0.00810458,0.00819176,0.00811056,0.00817339,0.00806061,0.00811528
2025-12-15T06:00:00Z,0,356,0.01117318,0.00836783,0.00604185,0.00811602,0.00820296,0.00812322,0.00818585,0.00807282,0.00812700
2025-12-15T12:00:00Z,0,357,0.01114206,0.00838574,0.01666476,0.00812700,0.00821373,0.00813541,0.00819784,0.00808457,0.00813827
2025-12-15T18:00:00Z,0,358,0.01111111,0.00840309,0.03884487,0.00813754,0.00822408,0.00814713,0.00820937,0.00809587,0.00814911
2025-12-16T00:00:00Z,0,359,0.01108033,0.00841991,0.01613976,0.00814763,0.00823401,0.00815839,0.00822045,0.00810672,0.00815952
2025-12-16T06:00:00Z,0,360,0.01104972,0.00843618,0.00668072,0.00815729,0.00824353,0.00816921,0.00823109,0.00811713,0.00816951
2025-12-16T12:00:00Z,0,361,0.01101928,0.00845193,0.01921603,0.00816651,0.00825265,0.00817958,0.00824128,0.00812710,0.00817908
2025-12-16T18:00:00Z,0,362,0.01098901,0.00846716,0.04459790,0.00817532,0.00826137,0.00818951,0.00825105,0.00813665,0.00818824
2025-12-17T00:00:00Z,1,363,0.01095890,0.00848188,0.01855057,0.00811300,0.00879125,0.00825966,0.00822083,0.00862542,0.00854063
2025-12-17T06:00:00Z,0,364,0.01366120,0.00567600,0.00609995,0.00934068,0.00977166,0.00899427,0.00943793,0.00746383,0.00678473
2025-12-17T12:00:00Z,0,365,0.01362398,0.00597639,0.01044277,0.00935235,0.00977991,0.00891330,0.00940635,0.00796133,0.00723687
2025-12-17T18:00:00Z,0,366,0.01358696,0.00623289,0.03087142,0.00926732,0.00968769,0.00875074,0.00928061,0.00838635,0.00762209
2025-12-18T00:00:00Z,0,367,0.01355014,0.00645692,0.01976307,0.00911531,0.00952612,0.00853419,0.00909082,0.00875651,0.00976443
2025-12-18T06:00:00Z,0,368,0.01351351,0.00665596,0.00730379,0.00891447,0.00931412,0.00828030,0.00885540,0.00908355,0.01010944
2025-12-18T12:00:00Z,0,369,0.01347709,0.00683518,0.00908757,0.00867660,0.00906396,0.00799976,0.00858633,0.00937571,0.01041508
2025-12-18T18:00:00Z,0,370,0.01344086,0.00699830,0.02610406,0.00840999,0.00878417,0.00769997,0.00829203,0.00963902,0.01068824
2025-12-19T00:00:00Z,0,371,0.01340483,0.00714808,0.01648331,0.00812089,0.00848123,0.00738643,0.00797880,0.00987802,0.00912547
2025-12-19T06:00:00Z,0,372,0.01336898,0.00728666,0.00601381,0.00853471,0.00816040,0.00760834,0.00828799,0.01072127,0.00931989
2025-12-19T12:00:00Z,0,373,0.01333333,0.00741568,0.00710202,0.00817853,0.00782636,0.00725195,0.00791831,0.01091969,0.00949723
2025-12-19T18:00:00Z,1,374,0.01329787,0.00753646,0.02026316,0.00781456,0.00748345,0.00689454,0.00754446,0.01110131,0.00965963
2025-12-20T00:00:00Z,0,375,0.01591512,0.01027059,0.01685196,0.00496019,0.00472791,0.00603143,0.00542677,0.00495530,0.00491737
2025-12-20T06:00:00Z,0,376,0.01587302,0.01042970,0.00552499,0.00520108,0.00496787,0.00626780,0.00567461,0.00520081,0.00515587
2025-12-20T12:00:00Z,0,377,0.01583113,0.01056047,0.00947946,0.00540334,0.00516978,0.00646397,0.00588180,0.00540691,0.00535608
2025-12-20T18:00:00Z,0,378,0.01578947,0.01067159,0.03136031,0.00557750,0.00534391,0.00663127,0.00605955,0.00558429,0.00552843
2025-12-21T00:00:00Z,0,379,0.01574803,0.01076832,0.01649540,0.00573026,0.00549685,0.00677681,0.00621499,0.00573983,0.00567960
2025-12-21T06:00:00Z,0,380,0.01570681,0.01085409,0.00524049,0.00586617,0.00563310,0.00690541,0.00635293,0.00587816,0.00581410
2025-12-21T12:00:00Z,0,381,0.01566580,0.01093123,0.01060564,0.00598847,0.00575583,0.00702043,0.00647679,0.00600261,0.00593517
2025-12-21T18:00:00Z,0,382,0.01562500,0.01100140,0.03432724,0.00609954,0.00586743,0.00712435,0.00658907,0.00611561,0.00604516
2025-12-22T00:00:00Z,0,383,0.01558442,0.01106583,0.01787493,0.00620119,0.00596968,0.00714426,0.00669169,0.00621901,0.00614588
2025-12-22T06:00:00Z,0,384,0.01554404,0.01112543,0.00562041,0.00629482,0.00606397,0.00723651,0.00678611,0.00631425,0.00623872
2025-12-22T12:00:00Z,0,385,0.01550388,0.01118091,0.01383909,0.00638156,0.00615142,0.00732179,0.00687348,0.00640248,0.00632477
2025-12-22T18:00:00Z,0,386,0.01546392,0.01123284,0.04425042,0.00646228,0.00623291,0.00740104,0.00695475,0.00648460,0.00640494
2025-12-23T00:00:00Z,0,387,0.01542416,0.01128165,0.02297899,0.00653774,0.00630918,0.00747501,0.00703067,0.00656137,0.00647993
2025-12-23T06:00:00Z,0,388,0.01538462,0.01132770,0.00719852,0.00660853,0.00638082,0.00754434,0.00710186,0.00663340,0.00655036
2025-12-23T12:00:00Z,0,389,0.01534527,0.01137130,0.01808339,0.00667515,0.00644835,0.00760953,0.00716886,0.00670121,0.00661672
2025-12-23T18:00:00Z,0,390,0.01530612,0.01141268,0.05690725,0.00673804,0.00651218,0.00767102,0.00723209,0.00676523,0.00667943
2025-12-24T00:00:00Z,0,391,0.01526718,0.01145205,0.02961797,0.00679755,0.00657268,0.00772917,0.00729194,0.00682584,0.00673885
2025-12-24T06:00:00Z,0,392,0.01522843,0.01148958,0.00929497,0.00685401,0.00663016,0.00778432,0.00734872,0.00688336,0.00679529
2025-12-24T12:00:00Z,0,393,0.01518987,0.01152542,0.02072665,0.00690768,0.00668489,0.00783671,0.00738191,0.00693805,0.00684901
2025-12-24T18:00:00Z,0,394,0.01515152,0.01155969,0.06455425,0.00695878,0.00673710,0.00788660,0.00743701,0.00699016,0.00690025
2025-12-25T00:00:00Z,0,395,0.01511335,0.01159249,0.03382479,0.00700754,0.00678700,0.00793418,0.00748968,0.00703989,0.00694921
2025-12-25T06:00:00Z,1,396,0.01507538,0.01162393,0.01058546,0.00705412,0.00683476,0.00797963,0.00754011,0.00708743,0.00699606
2025-12-25T12:00:00Z,0,397,0.01754386,0.01279651,0.01784617,0.00823496,0.00805863,0.00920028,0.00851735,0.00819028,0.00800770
2025-12-25T18:00:00Z,0,398,0.01750000,0.01288305,0.04249197,0.00843415,0.00826157,0.00937716,0.00871878,0.00838899,0.00821011
2025-12-26T00:00:00Z,0,399,0.01745636,0.01295559,0.03003527,0.00859969,0.00843054,0.00952330,0.00888616,0.00839145,0.00837864
2025-12-26T06:00:00Z,0,400,0.01741294,0.01301841,0.01367766,0.00874097,0.00857499,0.00964748,0.00902906,0.00854012,0.00852274
2025-12-26T12:00:00Z,0,401,0.01736973,0.01307408,0.01474073,0.00886398,0.00870094,0.00975522,0.00915353,0.00866979,0.00864839
2025-12-26T18:00:00Z,0,402,0.01732673,0.01312427,0.03424426,0.00897272,0.00881242,0.00985020,0.00926364,0.00878463,0.00875966
2025-12-27T00:00:00Z,0,403,0.01728395,0.01317011,0.02377703,0.00907004,0.00891230,0.00993500,0.00936225,0.00888757,0.00885940
2025-12-27T06:00:00Z,0,404,0.01724138,0.01321240,0.01066367,0.00915801,0.00885216,0.01001150,0.00945145,0.00898076,0.00894968
2025-12-27T12:00:00Z,0,405,0.01719902,0.01325173,0.01178936,0.00923818,0.00893523,0.01008108,0.00953280,0.00906582,0.00903209
2025-12-27T18:00:00Z,0,406,0.01715686,0.01328852,0.02721890,0.00931174,0.00901155,0.01014482,0.00960752,0.00914398,0.00910781
2025-12-28T00:00:00Z,0,407,0.01711491,0.01332311,0.01870172,0.00937965,0.00908206,0.01020357,0.00967654,0.00921623,0.00917782
2025-12-28T06:00:00Z,0,408,0.01707317,0.01335576,0.00834894,0.00944264,0.00914755,0.01025797,0.00974063,0.00928334,0.00924285
2025-12-28T12:00:00Z,0,409,0.01703163,0.01338666,0.01234307,0.00950133,0.00920864,0.01030857,0.00980038,0.00934595,0.00930352
2025-12-28T18:00:00Z,0,410,0.01699029,0.01341600,0.02822055,0.00955622,0.00926583,0.01035580,0.00985630,0.00940457,0.00936034
2025-12-29T00:00:00Z,0,411,0.01694915,0.01344388,0.01937470,0.00960771,0.00931955,0.01040004,0.00990881,0.00945965,0.00941373
2025-12-29T06:00:00Z,0,412,0.01690821,0.01347044,0.00856679,0.00965616,0.00937017,0.01044158,0.00995825,0.00951153,0.00946403
2025-12-29T12:00:00Z,0,413,0.01686747,0.01349574,0.01772187,0.00970186,0.00941797,0.01048068,0.01000492,0.00956053,0.00951153
2025-12-29T18:00:00Z,0,414,0.01682692,0.01351988,0.04011843,0.00974505,0.00946323,0.01051755,0.01004906,0.00960691,0.00955650
2025-12-30T00:00:00Z,0,415,0.01678657,0.01354292,0.02748535,0.00978596,0.00950616,0.01055239,0.01009090,0.00965088,0.00959914
2025-12-30T06:00:00Z,0,416,0.01674641,0.01356490,0.01217214,0.00982476,0.00954694,0.01058535,0.01013061,0.00969265,0.00963964
2025-12-30T12:00:00Z,0,417,0.01670644,0.01358587,0.02679140,0.00986162,0.00958575,0.01061657,0.01016836,0.00973239,0.00967817
2025-12-30T18:00:00Z,0,418,0.01666667,0.01360587,0.05978269,0.00989668,0.00962273,0.01064617,0.01020429,0.00977023,0.00971487
2025-12-31T00:00:00Z,0,419,0.01662708,0.01362494,0.04105852,0.00993006,0.00965801,0.01067426,0.01023853,0.00980631,0.00974985
2025-12-31T06:00:00Z,0,420,0.01658768,0.01364310,0.01819039,0.00996187,0.00969170,0.01070093,0.01027117,0.00984074,0.00978323
2025-12-31T12:00:00Z,0,421,0.01654846,0.01366038,0.03310476,0.00999220,0.00972389,0.01072628,0.01030232,0.00987363,0.00981511
2025-12-31T18:00:00Z,0,422,0.01650943,0.01367679,0.07321807,0.01002114,0.00975468,0.01075036,0.01033207,0.00990507,0.00984557
2026-01-01T00:00:00Z,0,423,0.01647059,0.01369237,0.04985954,0.01004877,0.00978415,0.01077324,0.01036049,0.00993512,0.00987468
2026-01-01T06:00:00Z,0,424,0.01643192,0.01370712,0.02216002,0.01007516,0.00981235,0.01079499,0.01038764,0.00996387,0.00990253
2026-01-01T12:00:00Z,0,425,0.01639344,0.01372105,0.04840882,0.01010036,0.00983937,0.01081565,0.01041360,0.00999139,0.00992916
2026-01-01T18:00:00Z,0,426,0.01635514,0.01373419,0.10035741,0.01012443,0.00986525,0.01083528,0.01043842,0.01001772,0.00995463
2026-01-02T00:00:00Z,0,427,0.01631702,0.01374654,0.06514032,0.01014742,0.00989005,0.01085392,0.01046214,0.01004292,0.00997900
2026-01-02T06:00:00Z,0,428,0.01627907,0.01375812,0.02786173,0.01016937,0.00991380,0.01087159,0.01048481,0.01006704,0.01000231
2026-01-02T12:00:00Z,0,429,0.01624130,0.01376893,0.02848556,0.01019033,0.00993656,0.01088835,0.01050647,0.01009012,0.01002460
2026-01-02T18:00:00Z,0,430,0.01620370,0.01377897,0.06158831,0.01021034,0.00995837,0.01090422,0.01052717,0.01011220,0.01004591
2026-01-03T00:00:00Z,0,431,0.01616628,0.01378827,0.04050009,0.01022942,0.00997924,0.01091923,0.01054693,0.01013332,0.01006627
2026-01-03T06:00:00Z,0,432,0.01612903,0.01379681,0.01745547,0.01024760,0.00999923,0.01093341,0.01056578,0.01015351,0.01008572
2026-01-03T12:00:00Z,0,433,0.01609195,0.01380462,0.01900538,0.01026493,0.01001835,0.01094678,0.01058376,0.01017280,0.01010427
2026-01-03T18:00:00Z,0,434,0.01605505,0.01381169,0.04209163,0.01028141,0.01003664,0.01095936,0.01060090,0.01019122,0.01012197
2026-01-04T00:00:00Z,0,435,0.01601831,0.01381803,0.02772234,0.01029707,0.01005411,0.01097118,0.01061720,0.01020879,0.01013883
2026-01-04T06:00:00Z,0,436,0.01598174,0.01382364,0.01195452,0.01031195,0.01007080,0.01098225,0.01063271,0.01022553,0.01015488
2026-01-04T12:00:00Z,0,437,0.01594533,0.01382854,0.01786151,0.01032605,0.01008671,0.01099259,0.01064743,0.01024148,0.01017014
2026-01-04T18:00:00Z,0,438,0.01590909,0.01383271,0.03955232,0.01033939,0.01010188,0.01100222,0.01066139,0.01025664,0.01018462
2026-01-05T00:00:00Z,0,439,0.01587302,0.01383618,0.02619042,0.01035199,0.01011632,0.01101115,0.01067460,0.01027104,0.01019835
2026-01-05T06:00:00Z,0,440,0.01583710,0.01383893,0.01133206,0.01036388,0.01013004,0.01101939,0.01068709,0.01028469,0.01021134
2026-01-05T12:00:00Z,0,441,0.01580135,0.01384098,0.02343460,0.01037505,0.01014306,0.01102697,0.01069886,0.01029762,0.01022361
2026-01-05T18:00:00Z,0,442,0.01576577,0.01384232,0.05136417,0.01038554,0.01015540,0.01103389,0.01070993,0.01030983,0.01023517
2026-01-06T00:00:00Z,0,443,0.01573034,0.01384297,0.03401244,0.01039534,0.01016706,0.01104016,0.01072032,0.01032134,0.01024604
2026-01-06T06:00:00Z,0,444,0.01569507,0.01384291,0.01471124,0.01040447,0.01029428,0.01104579,0.01073003,0.01033216,0.01025623
2026-01-06T12:00:00Z,0,445,0.01565996,0.01384217,0.03173240,0.01041295,0.01030335,0.01105080,0.01073909,0.01034231,0.01026575
2026-01-06T18:00:00Z,0,446,0.01562500,0.01384074,0.06869064,0.01042078,0.01031177,0.01105520,0.01074749,0.01035180,0.01027462
2026-01-07T00:00:00Z,0,447,0.01559020,0.01383862,0.04549754,0.01042797,0.01031956,0.01105898,0.01075525,0.01036063,0.01028284
2026-01-07T06:00:00Z,0,448,0.01555556,0.01383582,0.01985159,0.01043454,0.01032671,0.01106217,0.01076239,0.01036883,0.01029043
2026-01-07T12:00:00Z,0,449,0.01552106,0.01383235,0.03464560,0.01044050,0.01033325,0.01106477,0.01076890,0.01037639,0.01029740
2026-01-07T18:00:00Z,0,450,0.01548673,0.01382819,0.07399829,0.01044584,0.01033919,0.01106679,0.01077481,0.01038333,0.01030375
2026-01-08T00:00:00Z,0,451,0.01545254,0.01382337,0.04926716,0.01045058,0.01034452,0.01106824,0.01078011,0.01038967,0.01030951
2026-01-08T06:00:00Z,0,452,0.01541850,0.01381788,0.02151733,0.02095116,0.02268641,0.02151432,0.02079730,0.02111391,0.02675045
2026-01-08T12:00:00Z,0,453,0.01538462,0.01381173,0.02723585,0.02074997,0.02271033,0.02090480,0.02037726,0.02100484,0.01927821
2026-01-08T18:00:00Z,0,454,0.01535088,0.01380492,0.05885571,0.02061920,0.02261473,0.02039388,0.02004159,0.02089498,0.01915356
2026-01-09T00:00:00Z,0,455,0.01531729,0.01379745,0.03923026,0.02054080,0.02258325,0.01995457,0.01976817,0.02078440,0.01902999
2026-01-09T06:00:00Z,0,456,0.01528384,0.01378933,0.01698648,0.02049937,0.02259798,0.01956583,0.01953924,0.02067318,0.02285592
2026-01-09T12:00:00Z,0,457,0.01525054,0.01378057,0.01760748,0.02048109,0.02264284,0.01921062,0.01933989,0.02056137,0.02268218
2026-01-09T18:00:00Z,0,458,0.01521739,0.01377117,0.03910584,0.02047294,0.02270259,0.01887466,0.01915710,0.02044904,0.02251037
2026-01-10T00:00:00Z,0,459,0.01518438,0.01376112,0.02594338,0.02046232,0.02276228,0.01854577,0.01897915,0.02033626,0.02234044
2026-01-10T06:00:00Z,0,460,0.01515152,0.01375045,0.01125862,0.02531227,0.02280692,0.02203382,0.02302429,0.02517956,0.02348389
2026-01-10T12:00:00Z,0,461,0.01511879,0.01373915,0.01238667,0.02518400,0.02282155,0.02158375,0.02274937,0.02496441,0.02327510
2026-01-10T18:00:00Z,0,462,0.01508621,0.01372723,0.02773525,0.02501036,0.02274255,0.02111638,0.02245080,0.02475174,0.02306973
2026-01-11T00:00:00Z,0,463,0.01505376,0.01371469,0.01848513,0.02477545,0.02266066,0.02062224,0.02211649,0.02454153,0.02286765
2026-01-11T06:00:00Z,0,464,0.01502146,0.01370155,0.00807303,0.01071767,0.01059492,0.01124056,0.01096294,0.01062284,0.01058318
2026-01-11T12:00:00Z,0,465,0.01498929,0.01368779,0.01210862,0.01071109,0.01058877,0.01123090,0.01095672,0.01061734,0.01057759
2026-01-11T18:00:00Z,0,466,0.01495726,0.01367344,0.02697907,0.01070405,0.01058215,0.01122079,0.01095004,0.01061137,0.01057152
2026-01-12T00:00:00Z,0,467,0.01492537,0.01365850,0.01801463,0.01069654,0.01057508,0.01121025,0.01094291,0.01060494,0.01056497
2026-01-12T06:00:00Z,0,468,0.01489362,0.01364297,0.00789671,0.01068858,0.01056757,0.01119927,0.01093532,0.01059806,0.01055796
2026-01-12T12:00:00Z,0,469,0.01486200,0.01362686,0.01614509,0.01068018,0.01055961,0.01118786,0.01092728,0.01059074,0.01055048
2026-01-12T18:00:00Z,0,470,0.01483051,0.01361017,0.03588518,0.01067133,0.01055122,0.01117603,0.01091880,0.01058297,0.01054255
2026-01-13T00:00:00Z,0,471,0.01479915,0.01359291,0.02390909,0.01066205,0.01054240,0.01116378,0.01090989,0.01057477,0.01053417
2026-01-13T06:00:00Z,0,472,0.01476793,0.01357510,0.01041167,0.01065234,0.01053316,0.01115112,0.01090055,0.01056614,0.01052534
2026-01-13T12:00:00Z,0,473,0.01473684,0.01355673,0.02235965,0.01064219,0.01052351,0.01113805,0.01089078,0.01055709,0.01051608
2026-01-13T18:00:00Z,0,474,0.01470588,0.01353781,0.04918137,0.01063163,0.01051344,0.01112458,0.01088060,0.01054762,0.01050638
2026-01-14T00:00:00Z,0,475,0.01467505,0.01351836,0.03277753,0.01062065,0.01050297,0.01111072,0.01087000,0.01053774,0.01049626
2026-01-14T06:00:00Z,0,476,0.01464435,0.01349837,0.01428119,0.01060926,0.01049210,0.01109646,0.01085900,0.01052746,0.01048572
2026-01-14T12:00:00Z,0,477,0.01461378,0.01347785,0.02493657,0.01059747,0.01048084,0.01108182,0.01084759,0.01051678,0.01047477
2026-01-14T18:00:00Z,0,478,0.01458333,0.01345682,0.05460041,0.01058527,0.01046919,0.01106681,0.01083579,0.01050570,0.01046341
2026-01-15T00:00:00Z,0,479,0.01455301,0.01343527,0.03634926,0.01057268,0.01045716,0.01105142,0.01082360,0.01049424,0.01045165
2026-01-15T06:00:00Z,0,480,0.01452282,0.01341322,0.01582932,0.01055970,0.01044476,0.01103566,0.01081103,0.01048239,0.01043950
2026-01-15T12:00:00Z,0,481,0.01449275,0.01339068,0.02002483,0.01054634,0.01043199,0.01101955,0.01079808,0.01047017,0.01042696
2026-01-15T18:00:00Z,0,482,0.01446281,0.01336765,0.04421658,0.01053259,0.01041886,0.01100308,0.01078475,0.01045758,0.01041404
2026-01-16T00:00:00Z,0,483,0.01443299,0.01334414,0.02941118,0.01051848,0.01040538,0.01098625,0.01077106,0.01044463,0.01040075
2026-01-16T06:00:00Z,0,484,0.01440329,0.01332016,0.01280140,0.01050399,0.01039154,0.01096909,0.01075701,0.01043132,0.01038709
2026-01-16T12:00:00Z,0,485,0.01437372,0.01329572,0.01330116,0.01048914,0.01037736,0.01095159,0.01074260,0.01041766,0.01037306
2026-01-16T18:00:00Z,0,486,0.01434426,0.01327082,0.02970700,0.01047394,0.01036285,0.01093376,0.01072784,0.01040366,0.01035868
2026-01-17T00:00:00Z,0,487,0.01431493,0.01324547,0.01975837,0.01045838,0.01034800,0.01091560,0.01071274,0.01038931,0.01034395
2026-01-17T06:00:00Z,0,488,0.01428571,0.01321969,0.00859817,0.01044248,0.01033283,0.01089712,0.01069730,0.01037463,0.01032888
2026-01-17T12:00:00Z,0,489,0.01425662,0.01319347,0.00949269,0.01042624,0.01031734,0.01087833,0.01068153,0.01035963,0.01031347
2026-01-17T18:00:00Z,0,490,0.01422764,0.01316684,0.02135383,0.01040966,0.01030153,0.01085924,0.01066544,0.01034430,0.01029774
2026-01-18T00:00:00Z,0,491,0.01419878,0.01313979,0.01421821,0.01039275,0.01028542,0.01083984,0.01064903,0.01032866,0.01028168
2026-01-18T06:00:00Z,0,492,0.01417004,0.01311233,0.00619458,0.01037552,0.01026900,0.01082014,0.01063230,0.01031271,0.01026530
2026-01-18T12:00:00Z,0,493,0.01414141,0.01308448,0.00936611,0.01035798,0.01025230,0.01080016,0.01061526,0.01029645,0.01024861
2026-01-18T18:00:00Z,0,494,0.01411290,0.01305624,0.02106373,0.01034012,0.01015003,0.01077989,0.01059792,0.01027990,0.01023162
2026-01-19T00:00:00Z,0,495,0.01408451,0.01302763,0.01403287,0.01032195,0.01013343,0.01075935,0.01058029,0.01026305,0.01021433
2026-01-19T06:00:00Z,0,496,0.01405622,0.01299864,0.00611917,0.01030348,0.01011655,0.01073853,0.01056237,0.01024592,0.01019675
2026-01-19T12:00:00Z,0,497,0.01402806,0.01296929,0.01265246,0.01028472,0.01009938,0.01071745,0.01054416,0.01022851,0.01017889
2026-01-19T18:00:00Z,0,498,0.01400000,0.01293959,0.02827123,0.01026567,0.01008193,0.01069611,0.01052567,0.01021083,0.01016075
2026-01-20T00:00:00Z,0,499,0.01397206,0.01290954,0.01884219,0.01024634,0.01006421,0.01067452,0.01050691,0.01019288,0.01014233
2026-01-20T06:00:00Z,0,500,0.01394422,0.01287916,0.00822180,0.01022673,0.01004623,0.01065268,0.01048789,0.01017467,0.01012365
2026-01-20T12:00:00Z,0,501,0.01391650,0.01284845,0.01762202,0.01020685,0.01002799,0.01063060,0.01046861,0.01015620,0.01010471
2026-01-20T18:00:00Z,0,502,0.01388889,0.01281742,0.03903808,0.01018671,0.01000949,0.01060828,0.01044907,0.01013749,0.01008552
2026-01-21T00:00:00Z,0,503,0.01386139,0.01278608,0.02602337,0.01016630,0.00999075,0.01058574,0.01042928,0.01011853,0.01006609
2026-01-21T06:00:00Z,0,504,0.01383399,0.01275445,0.01136025,0.01014565,0.00997176,0.01056297,0.01040925,0.01009933,0.01004641
2026-01-21T12:00:00Z,0,505,0.01380671,0.01272251,0.01974387,0.01012474,0.00995254,0.01053998,0.01038898,0.01007990,0.01002650
2026-01-21T18:00:00Z,0,506,0.01377953,0.01269030,0.04356904,0.01010360,0.00993309,0.01051679,0.01036848,0.01006024,0.01000636
2026-01-22T00:00:00Z,0,507,0.01375246,0.01265781,0.02901264,0.01008222,0.00991341,0.01049338,0.01034776,0.01004036,0.00998600
2026-01-22T06:00:00Z,0,508,0.01372549,0.01262505,0.01265794,0.01006061,0.00989352,0.01046978,0.01032681,0.01002027,0.00996542
2026-01-22T12:00:00Z,0,509,0.01369863,0.01259203,0.01595627,0.01003878,0.00987341,0.01044598,0.01030565,0.00999996,0.00994463
2026-01-22T18:00:00Z,0,510,0.01367188,0.01255877,0.03544029,0.02082393,0.02273555,0.02096260,0.02055248,0.02067828,0.02640544
2026-01-23T00:00:00Z,0,511,0.01364522,0.01252526,0.02358004,0.02047272,0.02213218,0.02021218,0.01999073,0.02046747,0.01890950
2026-01-23T06:00:00Z,0,512,0.01361868,0.01249151,0.01028249,0.02020318,0.02191814,0.01957578,0.01952660,0.02026064,0.01869949
2026-01-23T12:00:00Z,0,513,0.01359223,0.01245755,0.01069219,0.01999400,0.02177195,0.01902280,0.01913455,0.02005769,0.01849480
2026-01-23T18:00:00Z,0,514,0.01356589,0.01242336,0.02395868,0.01982783,0.02167423,0.01852997,0.01879461,0.01985849,0.02209096
2026-01-24T00:00:00Z,0,515,0.01353965,0.01238897,0.01593674,0.01968977,0.02160824,0.01807901,0.01849056,0.01966295,0.02182018
2026-01-24T06:00:00Z,0,516,0.01351351,0.01235437,0.00694793,0.01956648,0.02155876,0.01765512,0.01820872,0.01947097,0.02155684
2026-01-24T12:00:00Z,0,517,0.01348748,0.01231958,0.00771441,0.01944567,0.02151147,0.01724618,0.01793731,0.01928245,0.02130056
2026-01-24T18:00:00Z,0,518,0.01346154,0.01228460,0.01738632,0.02387787,0.02145257,0.02036566,0.02164256,0.02375403,0.02220673
2026-01-25T00:00:00Z,0,519,0.01343570,0.01224945,0.01157843,0.02362551,0.02136880,0.01983994,0.02126483,0.02345088,0.02192020
2026-01-25T06:00:00Z,0,520,0.01340996,0.01221413,0.00505568,0.02334139,0.02124757,0.01930971,0.02087406,0.02315599,0.02164206
2026-01-25T12:00:00Z,0,521,0.01338432,0.01217864,0.00768416,0.02301204,0.02107745,0.01876647,0.02045954,0.02286899,0.02137186
2026-01-25T18:00:00Z,0,522,0.01335878,0.01214300,0.01730344,0.00979610,0.00968727,0.01013731,0.00998756,0.00971414,0.00970933
2026-01-26T00:00:00Z,0,523,0.01333333,0.01210721,0.01152891,0.00976922,0.00966140,0.01010891,0.00996156,0.00968886,0.00968334
2026-01-26T06:00:00Z,0,524,0.01330798,0.01207128,0.00503821,0.00974223,0.00963545,0.01008044,0.00993547,0.00966350,0.00965726
2026-01-26T12:00:00Z,0,525,0.01328273,0.01203522,0.01039614,0.00971514,0.00960942,0.01005189,0.00990929,0.00963805,0.00963107
2026-01-26T18:00:00Z,0,526,0.01325758,0.01199903,0.02326440,0.01841335,0.01980145,0.01863442,0.01827893,0.01831829,0.02360916
2026-01-27T00:00:00Z,0,527,0.01323251,0.01196273,0.01548157,0.01812520,0.01956728,0.01800720,0.01782126,0.01814395,0.01689114
2026-01-27T06:00:00Z,0,528,0.01320755,0.01192631,0.00674494,0.01790501,0.01940669,0.01747363,0.01744310,0.01797280,0.01671497
2026-01-27T12:00:00Z,0,529,0.01318267,0.01188979,0.01445850,0.01759300,0.01892788,0.01769086,0.01740959,0.01780476,0.02290360
2026-01-27T18:00:00Z,0,530,0.01315789,0.01185317,0.03225241,0.01739496,0.01879200,0.01717815,0.01705258,0.01763975,0.01637814
2026-01-28T00:00:00Z,0,531,0.01313321,0.01181645,0.02147258,0.01725101,0.01871448,0.01673922,0.01675857,0.01747768,0.01621252
2026-01-28T06:00:00Z,0,532,0.01310861,0.01177966,0.00940142,0.01714779,0.01868146,0.01635500,0.01651173,0.01731848,0.01605048
2026-01-28T12:00:00Z,0,533,0.01308411,0.01174278,0.01627341,0.01707400,0.01868107,0.01601052,0.01629926,0.01716206,0.01929060
2026-01-28T18:00:00Z,0,534,0.01305970,0.01170583,0.03607392,0.01701962,0.01870259,0.01569368,0.01611041,0.01700837,0.01907176
2026-01-29T00:00:00Z,0,535,0.01303538,0.01166882,0.02401874,0.01697542,0.01873584,0.01539444,0.01593586,0.01685733,0.01885823
2026-01-29T06:00:00Z,0,536,0.01301115,0.01163174,0.01049333,0.01693260,0.01877088,0.01510432,0.01576729,0.01670887,0.01864978
2026-01-29T12:00:00Z,0,537,0.01298701,0.01159462,0.01318341,0.02094505,0.01879774,0.01800484,0.01921527,0.02072133,0.01937308
2026-01-29T18:00:00Z,0,538,0.01296296,0.01155744,0.02938503,0.02081089,0.01880648,0.01762276,0.01896636,0.02048061,0.01914370
2026-01-30T00:00:00Z,0,539,0.01293900,0.01152022,0.01954992,0.02065191,0.01878731,0.01754395,0.01870566,0.02024605,0.01892025
2026-01-30T06:00:00Z,0,540,0.01291513,0.01148297,0.00853612,0.02045715,0.01873083,0.01715996,0.01842439,0.02001742,0.01870246
2026-01-30T12:00:00Z,0,541,0.01289134,0.01144568,0.00887697,0.00935999,0.00924013,0.00975559,0.00957635,0.00922578,0.00925676
2026-01-30T18:00:00Z,0,542,0.01286765,0.01140837,0.01993238,0.00932961,0.00921052,0.00972327,0.00954624,0.00919715,0.00922728
2026-01-31T00:00:00Z,0,543,0.01284404,0.01137104,0.01325662,0.00929924,0.00918094,0.00969097,0.00951614,0.00916854,0.00919781
2026-01-31T06:00:00Z,0,544,0.01282051,0.01133370,0.00578619,0.00926888,0.00915138,0.00953823,0.00948605,0.00913997,0.00916836
2026-01-31T12:00:00Z,0,545,0.01279707,0.01129634,0.00645676,0.00923854,0.00912186,0.00950676,0.00945599,0.00911142,0.00913892
2026-01-31T18:00:00Z,0,546,0.01277372,0.01125898,0.01456945,0.00920821,0.00909238,0.00947533,0.00942594,0.00908291,0.00910951
2026-02-01T00:00:00Z,0,547,0.01275046,0.01122162,0.00966764,0.00917791,0.00906293,0.00944395,0.00939592,0.00905443,0.00908013
2026-02-01T06:00:00Z,0,548,0.01272727,0.01118427,0.00421697,0.00914762,0.00903352,0.00941263,0.00936592,0.00902600,0.00905077
2026-02-01T12:00:00Z,0,549,0.01270417,0.01114693,0.00301716,0.00911737,0.00900416,0.00938136,0.00924327,0.00899760,0.00902144
2026-02-01T18:00:00Z,0,550,0.01268116,0.01110960,0.00685044,0.00908714,0.00897484,0.00935015,0.00921418,0.00896925,0.00899215
2026-02-02T00:00:00Z,0,551,0.01265823,0.01107229,0.00455566,0.00905694,0.00894558,0.00931901,0.00918514,0.00894095,0.00896289
2026-02-02T06:00:00Z,0,552,0.01263538,0.01103500,0.00198818,0.00902677,0.00891636,0.00928792,0.00915614,0.00891269,0.00893367
2026-02-02T12:00:00Z,0,553,0.01261261,0.01099774,0.00410777,0.00899664,0.00888719,0.00925691,0.00912719,0.00888448,0.00890449
2026-02-02T18:00:00Z,0,554,0.01258993,0.01096052,0.00928636,0.00896655,0.00885808,0.00922596,0.00909829,0.00885633,0.00887536
2026-02-03T00:00:00Z,0,555,0.01256732,0.01092333,0.00617075,0.00893650,0.00882903,0.00919509,0.00906944,0.00882823,0.00884627
2026-02-03T06:00:00Z,0,556,0.01254480,0.01088618,0.00269225,0.00890649,0.00880003,0.00916428,0.00904065,0.00880019,0.00881724
2026-02-03T12:00:00Z,0,557,0.01252236,0.01084907,0.00573907,0.00887653,0.00877110,0.00913356,0.00901191,0.00877221,0.00878825
2026-02-03T18:00:00Z,0,558,0.01250000,0.01081201,0.01292541,0.00884661,0.00874223,0.00910290,0.00898323,0.00874429,0.00875932
2026-02-04T00:00:00Z,0,559,0.01247772,0.01077500,0.00857740,0.01753845,0.01875385,0.01551425,0.01783277,0.01779143,0.02276816
2026-02-04T06:00:00Z,0,560,0.01245552,0.01073805,0.00373961,0.01730792,0.01858667,0.01508646,0.01743633,0.01757365,0.01620177
2026-02-04T12:00:00Z,0,561,0.01243339,0.01070116,0.00642095,0.01712788,0.01847213,0.01471524,0.01725544,0.01736209,0.01598863
2026-02-04T18:00:00Z,0,562,0.01241135,0.01066433,0.01443887,0.01986951,0.01779665,0.01781466,0.02035904,0.02033131,0.02614018
2026-02-05T00:00:00Z,0,563,0.01238938,0.01062756,0.00957463,0.01944257,0.01753002,0.01742555,0.01988605,0.01997271,0.02545975
2026-02-05T06:00:00Z,0,564,0.01236749,0.01059087,0.00417241,0.01620980,0.01745049,0.01452093,0.01645121,0.01670479,0.01531589
2026-02-05T12:00:00Z,0,565,0.01234568,0.01055424,0.00520000,0.01610894,0.01741401,0.01423848,0.01622773,0.01651678,0.01512725
2026-02-05T18:00:00Z,0,566,0.01232394,0.01051769,0.01176928,0.01603847,0.01741012,0.01399155,0.01603842,0.01633366,0.01494409
2026-02-06T00:00:00Z,0,567,0.01230228,0.01048122,0.00780547,0.01598940,0.01742953,0.01377114,0.01587349,0.01615523,0.01802553
2026-02-06T06:00:00Z,0,568,0.01228070,0.01044483,0.00339798,0.01595358,0.01746364,0.01356974,0.01572442,0.01598128,0.01777847
2026-02-06T12:00:00Z,0,569,0.01225919,0.01040852,0.00352119,0.01592335,0.01750411,0.01338081,0.01558358,0.01581164,0.01753927
2026-02-06T18:00:00Z,0,570,0.01223776,0.01037230,0.00798611,0.01589139,0.01754268,0.01319864,0.01544399,0.01564613,0.01730754
2026-02-07T00:00:00Z,0,571,0.01221640,0.01033616,0.00530405,0.01412033,0.01578001,0.01301815,0.01330706,0.01380682,0.01613762
2026-02-07T06:00:00Z,0,572,0.01219512,0.01030012,0.00230985,0.01757868,0.01584266,0.01565079,0.01632684,0.01724528,0.01596363
2026-02-07T12:00:00Z,0,573,0.01217391,0.01026417,0.00257874,0.01751211,0.01588692,0.01539320,0.01618732,0.01706707,0.01579389
2026-02-07T18:00:00Z,0,574,0.01215278,0.01022832,0.00586556,0.01742028,0.01590573,0.01512601,0.01603278,0.01689311,0.01562823
2026-02-08T00:00:00Z,0,575,0.01213172,0.01019256,0.00389882,0.00841112,0.00830205,0.00878685,0.00860884,0.00826409,0.00828410
2026-02-08T06:00:00Z,0,576,0.01211073,0.01015691,0.00169793,0.00838081,0.00827242,0.00875462,0.00857841,0.00823568,0.00825477
2026-02-08T12:00:00Z,0,577,0.01208981,0.01012136,0.00260282,0.00835062,0.00824291,0.00872253,0.00854809,0.00820740,0.00822555
2026-02-08T18:00:00Z,0,578,0.01206897,0.01008591,0.00592272,0.00832054,0.00821352,0.00869057,0.00851788,0.00817924,0.00819645
2026-02-09T00:00:00Z,0,579,0.01204819,0.01005058,0.00393618,0.00829057,0.00818425,0.00865874,0.00848780,0.00815119,0.00816746
2026-02-09T06:00:00Z,0,580,0.01202749,0.01001534,0.00171413,0.00826072,0.00815511,0.00862704,0.00845783,0.00812327,0.00813859
2026-02-09T12:00:00Z,0,581,0.01200686,0.00998022,0.00355384,0.00823098,0.00812609,0.00859548,0.00842798,0.00809548,0.00810983
2026-02-09T18:00:00Z,0,582,0.01198630,0.00994522,0.00806932,0.01877368,0.01376941,0.01905818,0.01858995,0.01949231,0.02009467
2026-02-10T00:00:00Z,0,583,0.01196581,0.00991032,0.00536033,0.01265873,0.01375973,0.01289634,0.01254927,0.01309253,0.01212938
2026-02-10T06:00:00Z,0,584,0.01194539,0.00987555,0.00233383,0.01262722,0.01377949,0.01267276,0.01243607,0.01299327,0.01202559
2026-02-10T12:00:00Z,0,585,0.01192504,0.00984089,0.00498743,0.01261619,0.01382274,0.01247746,0.01234599,0.01289559,0.01192389
2026-02-10T18:00:00Z,0,586,0.01190476,0.00980634,0.01129043,0.01262048,0.01388407,0.01230346,0.01227343,0.01279943,0.01438332
2026-02-11T00:00:00Z,0,587,0.01188455,0.00977192,0.00749223,0.01263529,0.01395835,0.01214485,0.01221340,0.01270477,0.01424510
2026-02-11T06:00:00Z,0,588,0.01186441,0.00973762,0.00325981,0.01265600,0.01404047,0.01199644,0.01216131,0.01261155,0.01410995
2026-02-11T12:00:00Z,0,589,0.01184433,0.00970345,0.00560843,0.01267805,0.01412521,0.01185366,0.01211285,0.01261126,0.01397777
2026-02-11T18:00:00Z,0,590,0.01182432,0.00966940,0.01267874,0.01269683,0.01420718,0.01171236,0.01206386,0.01251653,0.01447224
2026-02-12T00:00:00Z,0,591,0.01180438,0.00963547,0.00840783,0.01582346,0.01428076,0.01411340,0.01483891,0.01558922,0.01432952
2026-02-12T06:00:00Z,0,592,0.01178451,0.00960167,0.00365649,0.01578962,0.01434016,0.01390968,0.01474247,0.01543721,0.01419012
2026-02-12T12:00:00Z,0,593,0.01176471,0.00956800,0.00456560,0.01573540,0.01437950,0.01369802,0.01463346,0.01528814,0.01395137
2026-02-12T18:00:00Z,0,594,0.01174497,0.00953445,0.01040350,0.00788876,0.00779252,0.00823003,0.00806827,0.00785665,0.00774050
2026-02-13T00:00:00Z,0,595,0.01172529,0.00950104,0.00688675,0.01157380,0.01251276,0.01187631,0.01155049,0.01211001,0.01539313
2026-02-13T06:00:00Z,0,596,0.01170569,0.00946776,0.00298480,0.01154169,0.01253112,0.01167151,0.01153564,0.01202153,0.01101022
2026-02-13T12:00:00Z,0,597,0.01168614,0.00943461,0.00310246,0.01152987,0.01257245,0.01149509,0.01145783,0.01193424,0.01092501
2026-02-13T18:00:00Z,0,598,0.01166667,0.00940159,0.00708252,0.01153389,0.01263223,0.01134061,0.01139813,0.01184812,0.01084122
2026-02-14T00:00:00Z,0,599,0.01164725,0.00936871,0.00470171,0.01154969,0.01270627,0.01120263,0.01135229,0.01176316,0.01305338
2026-02-14T06:00:00Z,0,600,0.01162791,0.00933595,0.00204519,0.01157343,0.01279044,0.01107645,0.01131642,0.01167933,0.01294065
2026-02-14T12:00:00Z,0,601,0.01160862,0.00930334,0.00228625,0.01160136,0.01288059,0.01095791,0.01128690,0.01159660,0.01283006
2026-02-14T18:00:00Z,0,602,0.01158940,0.00927086,0.00521813,0.01162970,0.01297240,0.01084327,0.01126029,0.01151495,0.01272153
2026-02-15T00:00:00Z,0,603,0.01157025,0.00923852,0.00347349,0.01454702,0.01306132,0.01312796,0.01393064,0.01438624,0.01316220
2026-02-15T06:00:00Z,0,604,0.01155116,0.00920631,0.00151662,0.01454172,0.01314259,0.01296453,0.01387064,0.01425436,0.01304513
2026-02-15T12:00:00Z,0,605,0.01153213,0.00917424,0.00232543,0.01452387,0.01321125,0.01279720,0.01380460,0.01412484,0.01293035
2026-02-15T18:00:00Z,0,606,0.01151316,0.00914231,0.00528813,0.01448770,0.01326223,0.01262218,0.01372796,0.01399761,0.01281780
2026-02-16T00:00:00Z,0,607,0.01149425,0.00911051,0.00352138,0.00756418,0.00747619,0.00788367,0.00777245,0.00752586,0.00742081
2026-02-16T06:00:00Z,0,608,0.01147541,0.00907886,0.00153669,0.00753622,0.00744861,0.00785400,0.00774373,0.00749803,0.00739486
2026-02-16T12:00:00Z,0,609,0.01145663,0.00904734,0.00318206,0.00750843,0.00742119,0.00782449,0.00771516,0.00747036,0.00736906
2026-02-16T18:00:00Z,0,610,0.01143791,0.00901597,0.00722977,0.01054035,0.01135927,0.01080195,0.01058553,0.01103511,0.01414245
2026-02-17T00:00:00Z,0,611,0.01141925,0.00898473,0.00480652,0.01051787,0.01138718,0.01062878,0.01050805,0.01095974,0.01010960
2026-02-17T06:00:00Z,0,612,0.01140065,0.00895363,0.00209309,0.01051308,0.01143499,0.01048048,0.01045058,0.01088534,0.01003626
2026-02-17T12:00:00Z,0,613,0.01138211,0.00892268,0.00447745,0.01052236,0.01149913,0.01035162,0.01040914,0.01081188,0.00996404
2026-02-17T18:00:00Z,0,614,0.01136364,0.00889186,0.01015241,0.01054242,0.01157627,0.01023764,0.01038024,0.01073935,0.01198097
2026-02-18T00:00:00Z,0,615,0.01134522,0.00886119,0.00674093,0.01057012,0.01166313,0.01013454,0.01036066,0.01066774,0.01188458
2026-02-18T06:00:00Z,0,616,0.01132686,0.00883065,0.00293793,0.01060241,0.01175639,0.01003880,0.01034742,0.01059702,0.01178986
2026-02-18T12:00:00Z,0,617,0.01130856,0.00870382,0.00501397,0.01063620,0.01185256,0.00994723,0.01033762,0.01052718,0.01169675
2026-02-18T18:00:00Z,0,618,0.01129032,0.00867311,0.01133921,0.01332144,0.01194798,0.01207403,0.01282645,0.01316637,0.01208890
2026-02-19T00:00:00Z,0,619,0.01127214,0.00864255,0.00752831,0.01333268,0.01203871,0.01194323,0.01279291,0.01305345,0.01198888
2026-02-19T06:00:00Z,0,620,0.01125402,0.00861213,0.00327974,0.01333524,0.01212064,0.01181021,0.01275569,0.01294241,0.01189067
2026-02-19T12:00:00Z,0,621,0.01123596,0.00858185,0.00409379,0.01332417,0.01218945,0.01167157,0.01271080,0.01283320,0.01179421
2026-02-19T18:00:00Z,0,622,0.01121795,0.00855171,0.00930301,0.00720611,0.00712888,0.00749723,0.00739053,0.00715628,0.00706380
2026-02-20T00:00:00Z,0,623,0.01120000,0.00852171,0.00621777,0.00717950,0.00710259,0.00746914,0.00736334,0.00712989,0.00703929
2026-02-20T06:00:00Z,0,624,0.01118211,0.00849185,0.00274120,0.00715306,0.00707645,0.00744122,0.00733630,0.00710366,0.00701493
2026-02-20T12:00:00Z,0,625,0.01116427,0.00846213,0.00284550,0.00712677,0.00705047,0.00741347,0.00730942,0.00707759,0.00699072
2026-02-20T18:00:00Z,0,626,0.01114650,0.00843255,0.00638872,0.00710064,0.00702465,0.00738588,0.00728268,0.00705167,0.00696667
2026-02-21T00:00:00Z,0,627,0.01112878,0.00840311,0.00421473,0.00707467,0.00699897,0.00735845,0.00725609,0.00702591,0.00694277
2026-02-21T06:00:00Z,0,628,0.01111111,0.00837381,0.00183589,0.00704885,0.00697346,0.00733119,0.00722966,0.00700030,0.00691901
2026-02-21T12:00:00Z,0,629,0.01109350,0.00834465,0.00204607,0.00702319,0.00694809,0.00730409,0.00720337,0.00697485,0.00689540
2026-02-21T18:00:00Z,0,630,0.01107595,0.00831563,0.00469714,0.00699768,0.00692287,0.00727716,0.00717723,0.00694955,0.00687194
2026-02-22T00:00:00Z,0,631,0.01105845,0.00828675,0.00314904,0.00697233,0.00689781,0.00725038,0.00715124,0.00692440,0.00684863
2026-02-22T06:00:00Z,0,632,0.01104101,0.00825801,0.00135703,0.00694712,0.00687289,0.00722377,0.00712540,0.00689940,0.00682546
2026-02-22T12:00:00Z,0,633,0.01102362,0.00822941,0.00208250,0.00692207,0.00684812,0.00719731,0.00709970,0.00687455,0.00680244
2026-02-22T18:00:00Z,0,634,0.01100629,0.00820095,0.00474035,0.00689716,0.00682350,0.00717101,0.00707415,0.00684985,0.00677955
2026-02-23T00:00:00Z,0,635,0.01098901,0.00817262,0.00315826,0.00687241,0.00679902,0.00714487,0.00704874,0.00682530,0.00675681
2026-02-23T06:00:00Z,0,636,0.01097179,0.00814444,0.00137884,0.00684780,0.00677469,0.00711888,0.00702348,0.00680090,0.00673421
2026-02-23T12:00:00Z,0,637,0.01095462,0.00811639,0.00285621,0.00682333,0.00675051,0.00709305,0.00699837,0.00677664,0.00671174
2026-02-23T18:00:00Z,0,638,0.01093750,0.00808848,0.00649239,0.00679902,0.00672646,0.00706738,0.00697340,0.00675253,0.00668942
2026-02-24T00:00:00Z,0,639,0.01092044,0.00806071,0.00431892,0.00677484,0.00670256,0.00704185,0.00694857,0.00672856,0.00666723
2026-02-24T06:00:00Z,0,640,0.01090343,0.00803307,0.00188340,0.00675081,0.00667880,0.00701648,0.00692388,0.00670474,0.00664517
2026-02-24T12:00:00Z,0,641,0.01088647,0.00800557,0.00407065,0.00672692,0.00665518,0.00699126,0.00689934,0.00668106,0.00662325
2026-02-24T18:00:00Z,0,642,0.01086957,0.00797821,0.00913013,0.00670316,0.00663170,0.00696619,0.00687494,0.00665752,0.00660147
2026-02-25T00:00:00Z,0,643,0.01085271,0.00795098,0.00606668,0.00667955,0.00660836,0.00694127,0.00685067,0.00663412,0.00657981
2026-02-25T06:00:00Z,0,644,0.01083591,0.00792389,0.00264395,0.00665608,0.00658516,0.00691650,0.00682655,0.00661086,0.00655829
2026-02-25T12:00:00Z,0,645,0.01081917,0.00789693,0.00454720,0.00663274,0.00656209,0.00689188,0.00680257,0.00658774,0.00653690
2026-02-25T18:00:00Z,0,646,0.01080247,0.00787011,0.01028996,0.00660954,0.00653916,0.00686740,0.00677872,0.00656477,0.00651564
2026-02-26T00:00:00Z,0,647,0.01078582,0.00784342,0.00683292,0.00930865,0.01008917,0.00938435,0.00927640,0.00967322,0.01251667
2026-02-26T06:00:00Z,0,648,0.01076923,0.00781687,0.00297798,0.00930587,0.01013324,0.00925468,0.00922892,0.00961103,0.00893377
2026-02-26T12:00:00Z,0,649,0.01075269,0.00779045,0.00371476,0.00931469,0.01019073,0.00914121,0.00919457,0.00954962,0.00887321
2026-02-26T18:00:00Z,0,650,0.01073620,0.00776416,0.00842056,0.00933252,0.01025901,0.00904025,0.00917057,0.00948900,0.00881352
2026-02-27T00:00:00Z,0,651,0.01071975,0.00773800,0.00559218,0.00935687,0.01033553,0.00894857,0.00915440,0.00942913,0.01058813
2026-02-27T06:00:00Z,0,652,0.01070336,0.00771198,0.00243371,0.00938532,0.01041768,0.00886332,0.00914367,0.00937000,0.01050885
2026-02-27T12:00:00Z,0,653,0.01068702,0.00768609,0.00253052,0.00941542,0.01050273,0.00878193,0.00913609,0.00931161,0.01043086
2026-02-27T18:00:00Z,0,654,0.01067073,0.00766033,0.00575450,0.00944468,0.01058780,0.00870205,0.00912942,0.00925393,0.01035412
2026-02-28T00:00:00Z,0,655,0.01065449,0.00763470,0.00382694,0.01181737,0.01066980,0.01055964,0.01132780,0.01156946,0.01069567
2026-02-28T06:00:00Z,0,656,0.01063830,0.00760920,0.00166757,0.01182435,0.01074547,0.01044391,0.01129866,0.01147686,0.01061354
2026-02-28T12:00:00Z,0,657,0.01062215,0.00758382,0.00185727,0.01182109,0.01081138,0.01032436,0.01126402,0.01138573,0.01053279
2026-02-28T18:00:00Z,0,658,0.01060606,0.00755858,0.00424286,0.01180368,0.01086401,0.01019856,0.01122081,0.01129602,0.01045339
2026-03-01T00:00:00Z,0,659,0.01059002,0.00753347,0.00283231,0.00634426,0.00628099,0.00658630,0.00649757,0.00629116,0.00624946
2026-03-01T06:00:00Z,0,660,0.01057402,0.00750848,0.00123945,0.00632233,0.00625928,0.00656324,0.00647512,0.00626950,0.00622951
2026-03-01T12:00:00Z,0,661,0.01055807,0.00748362,0.00054522,0.00630054,0.00623769,0.00654032,0.00645279,0.00624798,0.00620969
2026-03-01T18:00:00Z,0,662,0.01054217,0.00745889,0.00125926,0.00627888,0.00621624,0.00651754,0.00643059,0.00622658,0.00618998
2026-03-02T00:00:00Z,0,663,0.01052632,0.00743429,0.00085885,0.00625735,0.00619492,0.00649489,0.00640853,0.00620532,0.00617041
2026-03-02T06:00:00Z,0,664,0.01051051,0.00740981,0.00037243,0.00623595,0.00617373,0.00647239,0.00638658,0.00618418,0.00615095
2026-03-02T12:00:00Z,0,665,0.01049475,0.00738545,0.00077846,0.00621468,0.00615266,0.00645002,0.00636477,0.00616318,0.00613162
2026-03-02T18:00:00Z,0,666,0.01047904,0.00736122,0.00179319,0.00619354,0.00613172,0.00642779,0.00634308,0.00614230,0.00611241
2026-03-03T00:00:00Z,1,667,0.01046338,0.00733712,0.00120246,0.00617252,0.00611090,0.00640569,0.00632152,0.00612155,0.00609331
2026-03-03T06:00:00Z,0,668,0.01194030,0.01057194,0.00224455,0.01025444,0.01102119,0.01049975,0.00999139,0.01086414,0.01397915
2026-03-03T12:00:00Z,0,669,0.01192250,0.01049941,0.00345540,0.01027718,0.01110791,0.01039423,0.01001066,0.01079063,0.00999566
2026-03-03T18:00:00Z,0,670,0.01190476,0.01043981,0.00897683,0.01032089,0.01121883,0.01031739,0.01004973,0.01072705,0.00993739
2026-03-04T00:00:00Z,0,671,0.01188707,0.01038961,0.00747149,0.01038086,0.01134930,0.01026127,0.01010404,0.01067076,0.00988433
2026-03-04T06:00:00Z,0,672,0.01186944,0.01034656,0.00287973,0.01045317,0.01149545,0.01021999,0.01016992,0.01062006,0.01185650
2026-03-04T12:00:00Z,0,673,0.01185185,0.01030910,0.00334183,0.01053429,0.01165365,0.01018883,0.01024415,0.01057377,0.01178750
2026-03-04T18:00:00Z,1,674,0.01183432,0.01027612,0.00866910,0.01062082,0.01182033,0.01016379,0.01032369,0.01053104,0.01172342
2026-03-05T00:00:00Z,0,675,0.01329394,0.01598313,0.03936792,0.01889900,0.02006537,0.01856824,0.01815400,0.01803322,0.02184536
2026-03-05T06:00:00Z,0,676,0.01327434,0.01547494,0.01263926,0.01623197,0.01684636,0.01702269,0.01599931,0.01750768,0.02096624
2026-03-05T12:00:00Z,0,677,0.01325479,0.01507106,0.01230474,0.01607667,0.01675767,0.01662083,0.01577622,0.01708432,0.01446577
2026-03-05T18:00:00Z,0,678,0.01323529,0.01473863,0.03371775,0.01600534,0.01675444,0.01632940,0.01564193,0.01673121,0.01415294
2026-03-06T00:00:00Z,0,679,0.01321586,0.01445790,0.02276172,0.01599552,0.01681501,0.01608282,0.01557191,0.01642907,0.01388320
2026-03-06T06:00:00Z,0,680,0.01319648,0.01421614,0.00759870,0.01603118,0.01692385,0.01593639,0.01554919,0.01616544,0.01959102
2026-03-06T12:00:00Z,0,681,0.01317716,0.01400467,0.00684564,0.01609979,0.01706868,0.01582539,0.01556091,0.01593180,0.01924401
2026-03-06T18:00:00Z,0,682,0.01315789,0.01381732,0.01925480,0.01619077,0.01723892,0.01573819,0.01559664,0.01572209,0.01893280
2026-03-07T00:00:00Z,0,683,0.01313869,0.01364961,0.01328869,0.01686137,0.01482752,0.01746651,0.01656692,0.01826900,0.02192788
2026-03-07T06:00:00Z,0,684,0.01311953,0.01349811,0.00444652,0.01430390,0.01497735,0.01462109,0.01400714,0.01534670,0.01295462
2026-03-07T12:00:00Z,0,685,0.01310044,0.01336021,0.00473782,0.01442037,0.01516104,0.01457623,0.01406908,0.01518659,0.01280701
2026-03-07T18:00:00Z,0,686,0.01308140,0.01323385,0.01351310,0.01456226,0.01537345,0.01455769,0.01415673,0.01503795,0.01266937
2026-03-08T00:00:00Z,1,687,0.01306241,0.01311738,0.00939532,0.01472431,0.01560960,0.01455890,0.01433658,0.01489915,0.01799606
2026-03-08T06:00:00Z,0,688,0.01449275,0.01969821,0.01287258,0.02370821,0.02461527,0.02368709,0.02284152,0.02323341,0.03021547
2026-03-08T12:00:00Z,0,689,0.01447178,0.01889627,0.01944515,0.02313539,0.02408123,0.02284521,0.02218702,0.02239656,0.02894915
2026-03-08T18:00:00Z,0,690,0.01445087,0.01826104,0.05268777,0.02270671,0.02369772,0.02217072,0.02167868,0.02172644,0.02793807
2026-03-09T00:00:00Z,0,691,0.01443001,0.01773975,0.03132265,0.02236283,0.02340362,0.02159829,0.02125902,0.02117095,0.02076492
2026-03-09T06:00:00Z,0,692,0.01440922,0.01730066,0.01015951,0.02439573,0.02315823,0.02282104,0.02281440,0.02313238,0.02023291
2026-03-09T12:00:00Z,0,693,0.01438849,0.01692335,0.02024633,0.02405607,0.02293198,0.02228016,0.02242290,0.02261951,0.01976957
2026-03-09T18:00:00Z,0,694,0.01436782,0.01659393,0.05577378,0.02440581,0.01963682,0.02495577,0.02393482,0.02562327,0.02590260
2026-03-10T00:00:00Z,1,695,0.01434720,0.01630258,0.03395207,0.02396736,0.01950373,0.02423719,0.02339367,0.02501497,0.01767095
2026-03-10T06:00:00Z,0,696,0.01575931,0.02503080,0.03002331,0.05102772,0.03287794,0.05195005,0.04973977,0.04775683,0.03622939
2026-03-10T12:00:00Z,0,697,0.01573677,0.02366227,0.04252826,0.04682608,0.03077349,0.04713021,0.04540411,0.04479267,0.03415433
2026-03-10T18:00:00Z,0,698,0.01571429,0.02259941,0.11889669,0.04355997,0.02910139,0.04338323,0.04202649,0.04247854,0.04469577
2026-03-11T00:00:00Z,1,699,0.01569187,0.02174016,0.08424864,0.04088834,0.02771046,0.04031600,0.03926014,0.04059473,0.04260437
2026-03-11T06:00:00Z,0,700,0.01709402,0.03303486,0.05193615,0.06903000,0.04013881,0.06804279,0.06523858,0.07087148,0.07664878
2026-03-11T12:00:00Z,0,701,0.01706970,0.03057849,0.04704366,0.06259639,0.03702716,0.06112223,0.05890656,0.06529966,0.07029013
2026-03-11T18:00:00Z,0,702,0.01704545,0.02872748,0.14020348,0.02876125,0.03453760,0.02818454,0.02713069,0.03045452,0.02932541
2026-03-12T00:00:00Z,0,703,0.01702128,0.02726458,0.11348113,0.02701033,0.03243253,0.02625204,0.02535704,0.02917607,0.02802069
2026-03-12T06:00:00Z,0,704,0.01699717,0.02606847,0.03166574,0.02546135,0.03057745,0.02455216,0.02379392,0.02811242,0.02693508
2026-03-12T12:00:00Z,0,705,0.01697313,0.02506523,0.02449271,0.02405134,0.02889070,0.02301467,0.02237632,0.02720521,0.02600987
2026-03-12T18:00:00Z,0,706,0.01694915,0.02420688,0.07911565,0.01457961,0.01458110,0.01539769,0.01517501,0.01485543,0.01448519
2026-03-13T00:00:00Z,0,707,0.01692525,0.02346069,0.06591056,0.01421913,0.01420660,0.01501058,0.01479998,0.01448296,0.01399013
2026-03-13T06:00:00Z,0,708,0.01690141,0.02280347,0.01835715,0.01389795,0.01387327,0.01466569,0.01446582,0.01415130,0.01367840
2026-03-13T12:00:00Z,0,709,0.01687764,0.02221823,0.01551712,0.01360893,0.01357357,0.01435530,0.01416506,0.01385299,0.01339782
2026-03-13T18:00:00Z,0,710,0.01685393,0.02169224,0.05172433,0.01334664,0.01330180,0.01406872,0.01389207,0.01358241,0.01314314
2026-03-14T00:00:00Z,0,711,0.01683029,0.02121570,0.04355138,0.01310689,0.01305355,0.01380925,0.01363101,0.01334591,0.01291026
2026-03-14T06:00:00Z,0,712,0.01680672,0.02078095,0.01211631,0.01288634,0.01282532,0.01357079,0.01340133,0.01311032,0.01269598
2026-03-14T12:00:00Z,0,713,0.01678322,0.02038190,0.01320202,0.01268233,0.01261433,0.01335042,0.01318900,0.01289302,0.01249770
2026-03-14T18:00:00Z,0,714,0.01675978,0.02001362,0.04442533,0.01249270,0.01241830,0.01314574,0.01299173,0.01269158,0.01231334
2026-03-15T00:00:00Z,0,715,0.01673640,0.01967211,0.03764842,0.01231565,0.01223536,0.01295480,0.01280765,0.01250400,0.01214116
2026-03-15T06:00:00Z,0,716,0.01671309,0.01935405,0.01052306,0.01214971,0.01206397,0.01277596,0.01263519,0.01232863,0.01197959
2026-03-15T12:00:00Z,0,717,0.01668985,0.01905666,0.01626841,0.01199362,0.01190283,0.01260786,0.01247303,0.01216408,0.01182759
2026-03-15T18:00:00Z,0,718,0.01666667,0.01877761,0.05428901,0.01184634,0.01175083,0.01244933,0.01232008,0.01200915,0.01168423
2026-03-16T00:00:00Z,0,719,0.01664355,0.01851493,0.04613772,0.01170695,0.01160703,0.01229939,0.01217539,0.01186284,0.01154850
2026-03-16T06:00:00Z,0,720,0.01662050,0.01826692,0.01301621,0.01157468,0.01147062,0.01215719,0.01203813,0.01172430,0.01141967
2026-03-16T12:00:00Z,0,721,0.01659751,0.01803212,0.02294643,0.01144886,0.01134090,0.01202200,0.01190760,0.01159276,0.01129707
2026-03-16T18:00:00Z,0,722,0.01657459,0.01780927,0.07524460,0.01132891,0.01121727,0.01189317,0.01178320,0.01146758,0.01118015
2026-03-17T00:00:00Z,0,723,0.01655172,0.01759728,0.06475284,0.01121430,0.01109918,0.01177014,0.01166437,0.01134818,0.01106841
2026-03-17T06:00:00Z,0,724,0.01652893,0.01739516,0.01848092,0.01110460,0.01098618,0.01165242,0.01155066,0.01123408,0.01096141
2026-03-17T12:00:00Z,0,725,0.01650619,0.01720209,0.02474699,0.01099940,0.01087785,0.01153959,0.01144165,0.01112483,0.01085877
2026-03-17T18:00:00Z,0,726,0.01648352,0.01701731,0.08098753,0.01089835,0.01077382,0.01143125,0.01133695,0.01102003,0.01076014
2026-03-18T00:00:00Z,0,727,0.01646091,0.01684015,0.06959334,0.01080113,0.01067376,0.01132705,0.01123626,0.01091935,0.01066523
2026-03-18T06:00:00Z,0,728,0.01643836,0.01667003,0.02002411,0.01070746,0.01057738,0.01122670,0.01113925,0.01082247,0.01057375
2026-03-18T12:00:00Z,0,729,0.01641587,0.01650640,0.01922328,0.01061709,0.01048442,0.01112992,0.01104569,0.01072911,0.01048547
2026-03-18T18:00:00Z,0,730,0.01639344,0.01634880,0.06394382,0.01052978,0.01039464,0.01103645,0.01095531,0.01063902,0.01040016
2026-03-19T00:00:00Z,0,731,0.01637108,0.01619680,0.05498715,0.01044534,0.01030782,0.01094608,0.01086792,0.01055198,0.01031763
2026-03-19T06:00:00Z,0,732,0.01634877,0.01605000,0.01568926,0.01036358,0.01022378,0.01085860,0.01078331,0.01046778,0.01023768
2026-03-19T12:00:00Z,0,733,0.01632653,0.01590807,0.01224754,0.01028432,0.01014234,0.01077382,0.01070130,0.01038624,0.01016017
2026-03-19T18:00:00Z,0,734,0.01630435,0.01577068,0.04159974,0.01020741,0.01006333,0.01069158,0.01062174,0.01030719,0.01008493
2026-03-20T00:00:00Z,0,735,0.01628223,0.01563754,0.03582055,0.01013272,0.00998661,0.01061173,0.01054448,0.01023047,0.01001184
2026-03-20T06:00:00Z,0,736,0.01626016,0.01550839,0.01017092,0.01006010,0.00991204,0.01053412,0.01046938,0.01015596,0.00994076
2026-03-20T12:00:00Z,0,737,0.01623816,0.01538298,0.00859404,0.00998944,0.00983951,0.01045863,0.01039631,0.01008350,0.00987159
2026-03-20T18:00:00Z,0,738,0.01621622,0.01526110,0.02939117,0.00992064,0.00976889,0.01038513,0.01032517,0.01001300,0.00980421
2026-03-21T00:00:00Z,0,739,0.01619433,0.01514254,0.02532302,0.00985358,0.00970009,0.01031352,0.01025584,0.00994434,0.00973853
2026-03-21T06:00:00Z,0,740,0.01617251,0.01502711,0.00714388,0.00978819,0.00963301,0.01024369,0.01018824,0.00987742,0.00967446
2026-03-21T12:00:00Z,0,741,0.01615074,0.01491465,0.00779374,0.00972436,0.00956756,0.01017556,0.01012227,0.00981215,0.00961192
2026-03-21T18:00:00Z,0,742,0.01612903,0.01480499,0.02677616,0.00966203,0.00950366,0.01010904,0.01005785,0.00974844,0.00955082
2026-03-22T00:00:00Z,0,743,0.01610738,0.01469798,0.02311318,0.00960112,0.00944122,0.01004405,0.00999490,0.00968622,0.00949111
2026-03-22T06:00:00Z,0,744,0.01608579,0.01459349,0.00656626,0.00954156,0.00938019,0.00998050,0.00993334,0.00962541,0.00943270
2026-03-22T12:00:00Z,0,745,0.01606426,0.01449139,0.01020897,0.00948328,0.00932049,0.00991835,0.00987313,0.00956594,0.00937555
2026-03-22T18:00:00Z,0,746,0.01604278,0.01439156,0.03461296,0.00942623,0.00926206,0.00985751,0.00981418,0.00950775,0.00931959
2026-03-23T00:00:00Z,0,747,0.01602136,0.01429389,0.02987249,0.00937035,0.00920485,0.00979793,0.00975645,0.00945078,0.00926476
2026-03-23T06:00:00Z,0,748,0.01600000,0.01419829,0.00847641,0.00931559,0.00914879,0.00973955,0.00969987,0.00939498,0.00921102
2026-03-23T12:00:00Z,0,749,0.01597870,0.01410465,0.01497158,0.00926190,0.00909385,0.00968233,0.00964441,0.00934029,0.00915833
2026-03-23T18:00:00Z,0,750,0.01595745,0.01401289,0.05036214,0.00920923,0.00903997,0.00962621,0.00959000,0.00928667,0.00910663
2026-03-24T00:00:00Z,0,751,0.01593625,0.01392292,0.04349085,0.00915755,0.00898710,0.00957114,0.00953662,0.00923407,0.00905589
2026-03-24T06:00:00Z,0,752,0.01591512,0.01383467,0.01242667,0.00910681,0.00893522,0.00951709,0.00948420,0.00918244,0.00900606
2026-03-24T12:00:00Z,0,753,0.01589404,0.01374806,0.01670616,0.00905697,0.00888427,0.00946400,0.00943273,0.00913175,0.00895711
2026-03-24T18:00:00Z,0,754,0.01587302,0.01366302,0.05603124,0.00900800,0.00883423,0.00941185,0.00938215,0.00908197,0.00890901
2026-03-25T00:00:00Z,0,755,0.01585205,0.01357949,0.04843279,0.00895986,0.00878505,0.00936060,0.00933243,0.00903304,0.00886173
2026-03-25T06:00:00Z,0,756,0.01583113,0.01349741,0.01389663,0.00891253,0.00873670,0.00931021,0.00928355,0.00898496,0.00881522
2026-03-25T12:00:00Z,0,757,0.01581028,0.01341672,0.01332879,0.00886597,0.00868916,0.00926065,0.00923546,0.00893767,0.00876947
2026-03-25T18:00:00Z,0,758,0.01578947,0.01333736,0.04503087,0.00882016,0.00864239,0.00921189,0.00918815,0.00889115,0.00872445
2026-03-26T00:00:00Z,0,759,0.01576873,0.01325929,0.03902881,0.00877506,0.00859637,0.00916391,0.00914158,0.00884538,0.00868013
2026-03-26T06:00:00Z,0,760,0.01574803,0.01318246,0.01117417,0.00873066,0.00855107,0.00911666,0.00909573,0.00880033,0.00863648
2026-03-26T12:00:00Z,0,761,0.01572739,0.01310682,0.00871402,0.00868692,0.00850647,0.00907014,0.00905056,0.00875597,0.00859349
2026-03-26T18:00:00Z,0,762,0.01570681,0.01303233,0.02976613,0.00864384,0.00846253,0.00902431,0.00900607,0.00871227,0.00855113
2026-03-27T00:00:00Z,1,763,0.01568627,0.01295895,0.02581232,0.00860138,0.00841925,0.00897915,0.00896222,0.00866923,0.00850938
2026-03-27T06:00:00Z,0,764,0.01697128,0.02805280,0.02178841,0.01712085,0.01729119,0.01816943,0.01781107,0.01735270,0.01697108
2026-03-27T12:00:00Z,0,765,0.01694915,0.02649945,0.01488356,0.01639790,0.01652867,0.01734250,0.01702827,0.01660689,0.01625876
2026-03-27T18:00:00Z,0,766,0.01692708,0.02527899,0.05150130,0.01581773,0.01591822,0.01668272,0.01640226,0.01600934,0.01568727
2026-03-28T00:00:00Z,0,767,0.01690507,0.02428441,0.04893574,0.01533633,0.01541267,0.01613828,0.01588463,0.01551419,0.01521317
2026-03-28T06:00:00Z,0,768,0.01688312,0.02345175,0.01276198,0.01492690,0.01498339,0.01567765,0.01544587,0.01509355,0.01481002
2026-03-28T12:00:00Z,0,769,0.01686122,0.02274001,0.01054563,0.01457200,0.01461179,0.01528030,0.01506676,0.01472930,0.01446062
2026-03-28T18:00:00Z,0,770,0.01683938,0.02212150,0.03742562,0.01425967,0.01428515,0.01493219,0.01473414,0.01440902,0.01415317
2026-03-29T00:00:00Z,0,771,0.01681759,0.02157672,0.03614785,0.01398140,0.01399443,0.01462335,0.01443864,0.01412389,0.01387928
2026-03-29T06:00:00Z,0,772,0.01679587,0.02109148,0.00942812,0.01373093,0.01373297,0.01434644,0.01417336,0.01386741,0.01363277
2026-03-29T12:00:00Z,0,773,0.01677419,0.02065516,0.01142283,0.01350351,0.01349577,0.01409592,0.01393310,0.01363468,0.01340897
2026-03-29T18:00:00Z,0,774,0.01675258,0.02025963,0.04105193,0.01329547,0.01327895,0.01386753,0.01371384,0.01342192,0.01320426
2026-03-30T00:00:00Z,0,775,0.01673102,0.01989854,0.04034859,0.01310395,0.01307946,0.01365792,0.01351243,0.01322613,0.01301582
2026-03-30T06:00:00Z,0,776,0.01670951,0.01956685,0.01061509,0.01292663,0.01289488,0.01346442,0.01332634,0.01304496,0.01284136
2026-03-30T12:00:00Z,0,777,0.01668806,0.01926050,0.01611240,0.01276163,0.01272324,0.01328485,0.01315352,0.01287645,0.01267903
2026-03-30T18:00:00Z,0,778,0.01666667,0.01897618,0.05720913,0.01260742,0.01256290,0.01311746,0.01299230,0.01271903,0.01252734
2026-03-31T00:00:00Z,0,779,0.01664533,0.01871115,0.05596762,0.01246272,0.01241253,0.01296075,0.01284127,0.01257137,0.01238500
2026-03-31T06:00:00Z,0,780,0.01662404,0.01846313,0.01494754,0.01232646,0.01227099,0.01281351,0.01269928,0.01243237,0.01225097
2026-03-31T12:00:00Z,0,781,0.01660281,0.01823020,0.01895125,0.01219772,0.01213733,0.01267468,0.01256533,0.01230110,0.01212435
2026-03-31T18:00:00Z,0,782,0.01658163,0.01801072,0.06708856,0.01207572,0.01201075,0.01254340,0.01243859,0.01217676,0.01200438
2026-04-01T00:00:00Z,0,783,0.01656051,0.01780331,0.06603347,0.01195982,0.01189053,0.01241888,0.01231832,0.01205865,0.01189040
2026-04-01T06:00:00Z,1,784,0.01653944,0.01760676,0.01795395,0.01184942,0.01177607,0.01230049,0.01220392,0.01194620,0.01178185
2026-04-01T12:00:00Z,0,785,0.01778907,0.02895488,0.03893611,0.01960407,0.01984458,0.02053108,0.02023407,0.01983145,0.01943382
2026-04-01T18:00:00Z,0,786,0.01776650,0.02739664,0.10171110,0.01874275,0.01893669,0.01956956,0.01931121,0.01894669,0.01858451
2026-04-02T00:00:00Z,0,787,0.01774398,0.02616927,0.10620400,0.01805307,0.01821130,0.01880354,0.01857433,0.01823916,0.01790456
2026-04-02T06:00:00Z,0,788,0.01772152,0.02516703,0.03521849,0.01748191,0.01761161,0.01817241,0.01796597,0.01765383,0.01734153
2026-04-02T12:00:00Z,0,789,0.01769912,0.02432649,0.02025354,0.01699697,0.01710319,0.01763923,0.01745109,0.01715731,0.01686356
2026-04-02T18:00:00Z,0,790,0.01767677,0.02360693,0.05621616,0.01657726,0.01666369,0.01717995,0.01700687,0.01672789,0.01644993
2026-04-03T00:00:00Z,0,791,0.01765448,0.02298080,0.06105696,0.01620841,0.01627785,0.01677812,0.01661768,0.01635077,0.01608645
2026-04-03T06:00:00Z,0,792,0.01763224,0.02242864,0.02026167,0.01588019,0.01593484,0.01642206,0.01627238,0.01601540,0.01576305
2026-04-03T12:00:00Z,0,793,0.01761006,0.02193629,0.01173074,0.01558509,0.01562669,0.01610316,0.01596279,0.01571403,0.01534581
2026-04-03T18:00:00Z,0,794,0.01758794,0.02149313,0.03346353,0.01531743,0.01534741,0.01581496,0.01568274,0.01544082,0.01508447
2026-04-04T00:00:00Z,0,795,0.01756587,0.02109103,0.03693489,0.01507283,0.01509236,0.01555247,0.01542745,0.01519127,0.01484563
2026-04-04T06:00:00Z,0,796,0.01754386,0.02072362,0.01223410,0.01484785,0.01485791,0.01531178,0.01519318,0.01496183,0.01462592
2026-04-04T12:00:00Z,0,797,0.01752190,0.02038586,0.00899982,0.01463972,0.01464115,0.01508976,0.01497695,0.01474966,0.01442265
2026-04-04T18:00:00Z,0,798,0.01750000,0.02007367,0.02592928,0.01444621,0.01443974,0.01488389,0.01477632,0.01455248,0.01423363
2026-04-05T00:00:00Z,0,799,0.01747815,0.01978371,0.02882123,0.01426550,0.01425173,0.01469210,0.01458932,0.01436839,0.01405710
2026-04-05T06:00:00Z,0,800,0.01745636,0.01951325,0.00956881,0.01409604,0.01407553,0.01451267,0.01441430,0.01419584,0.01389154
2026-04-05T12:00:00Z,0,801,0.01743462,0.01925997,0.01096419,0.01393656,0.01390979,0.01434418,0.01424986,0.01403351,0.01373573
2026-04-05T18:00:00Z,0,802,0.01741294,0.01902196,0.03149708,0.01378599,0.01375338,0.01418541,0.01409486,0.01388029,0.01358861
2026-04-06T00:00:00Z,0,803,0.01739130,0.01879756,0.03510413,0.01364339,0.01360533,0.01403534,0.01394830,0.01373524,0.01344927
2026-04-06T06:00:00Z,0,804,0.01736973,0.01858537,0.01171545,0.01350798,0.01346481,0.01389308,0.01380932,0.01359754,0.01331695
2026-04-06T12:00:00Z,0,805,0.01734820,0.01838419,0.01709801,0.01337908,0.01333109,0.01375788,0.01367720,0.01346650,0.01319097
2026-04-06T18:00:00Z,0,806,0.01732673,0.01819296,0.04824330,0.01325607,0.01320356,0.01362907,0.01355128,0.01334149,0.01307076
2026-04-07T00:00:00Z,0,807,0.01730532,0.01801077,0.05332470,0.01313846,0.01308167,0.01350607,0.01343102,0.01322200,0.01295582
2026-04-07T06:00:00Z,0,808,0.01728395,0.01783682,0.01800378,0.01302576,0.01296494,0.01338839,0.01331593,0.01310754,0.01284568
2026-04-07T12:00:00Z,0,809,0.01726264,0.01767040,0.02061055,0.01291759,0.01285294,0.01327557,0.01320557,0.01299771,0.01273996
2026-04-07T18:00:00Z,1,810,0.01724138,0.01751089,0.05798791,0.01281358,0.01274529,0.01316722,0.01309955,0.01289213,0.01263831
2026-04-08T00:00:00Z,0,811,0.01845018,0.02986764,0.12939329,0.02164757,0.02199288,0.02223466,0.02200535,0.02186089,0.02130877
2026-04-08T06:00:00Z,0,812,0.01842752,0.02817667,0.04014653,0.02060807,0.02089319,0.02113295,0.02093203,0.02079749,0.02029286
2026-04-08T12:00:00Z,0,813,0.01840491,0.02687425,0.03366528,0.01979556,0.02003544,0.02027454,0.02009426,0.01996729,0.01949877
2026-04-08T18:00:00Z,0,814,0.01838235,0.02582693,0.09650877,0.01913401,0.01933819,0.01957804,0.01941351,0.01929200,0.01885219
2026-04-09T00:00:00Z,0,815,0.01835985,0.02495832,0.09221557,0.01857936,0.01875440,0.01899613,0.01884408,0.01872630,0.01831005
2026-04-09T06:00:00Z,0,816,0.01833741,0.02422094,0.02922717,0.01810397,0.01825459,0.01849902,0.01835717,0.01824178,0.01784533
2026-04-09T12:00:00Z,1,817,0.01831502,0.02358345,0.01787920,0.01768942,0.01781915,0.01813135,0.01793356,0.01781952,0.01744003
2026-04-09T18:00:00Z,0,818,0.01951220,0.03441715,0.09161268,0.02688609,0.02727609,0.02757752,0.02725158,0.02712721,0.02665356
2026-04-10T00:00:00Z,0,819,0.01948843,0.03216224,0.07757708,0.02529935,0.02561364,0.02592460,0.02563788,0.02550871,0.02508718
2026-04-10T06:00:00Z,0,820,0.01946472,0.03044662,0.02880130,0.02407891,0.02433775,0.02465500,0.02439775,0.02426542,0.02388237
2026-04-10T12:00:00Z,0,821,0.01944107,0.02907970,0.01957289,0.02309761,0.02331361,0.02363526,0.02340126,0.02326668,0.02291362
2026-04-10T18:00:00Z,0,822,0.01941748,0.02795422,0.04871555,0.02228326,0.02246486,0.02278983,0.02257469,0.02243842,0.02210966
2026-04-11T00:00:00Z,0,823,0.01939394,0.02700443,0.04257985,0.02159123,0.02174441,0.02207211,0.02187257,0.02173496,0.02142645
2026-04-11T06:00:00Z,0,824,0.01937046,0.02618737,0.01586661,0.02099220,0.02112138,0.02145144,0.02126502,0.02112629,0.02083504
2026-04-11T12:00:00Z,0,825,0.01934704,0.02547358,0.01345291,0.02046594,0.02057446,0.02090662,0.02073143,0.02059174,0.02031546
2026-04-11T18:00:00Z,0,826,0.01932367,0.02484208,0.03415737,0.01999795,0.02008846,0.02054009,0.02025708,0.02011653,0.01985339
2026-04-12T00:00:00Z,0,827,0.01930036,0.02427745,0.03031459,0.01957752,0.01965213,0.02007976,0.01983107,0.01968974,0.01943829
2026-04-12T06:00:00Z,0,828,0.01927711,0.02376805,0.01133446,0.01919656,0.01925698,0.01966513,0.01944518,0.01930311,0.01906215
2026-04-12T12:00:00Z,0,829,0.01925391,0.02330492,0.01605366,0.01884879,0.01889645,0.01928873,0.01909301,0.01895024,0.01871877
2026-04-12T18:00:00Z,0,830,0.01923077,0.02288101,0.04050407,0.01852926,0.01856536,0.01894472,0.01876952,0.01862611,0.01840328
2026-04-13T00:00:00Z,0,831,0.01920768,0.02249071,0.03606442,0.01823402,0.01825957,0.01862842,0.01847069,0.01832667,0.01811176
2026-04-13T06:00:00Z,0,832,0.01918465,0.02212947,0.01365677,0.01795983,0.01797572,0.01833604,0.01819325,0.01804866,0.01784104
2026-04-13T12:00:00Z,0,833,0.01916168,0.02179356,0.02682433,0.01770407,0.01771106,0.01806446,0.01800984,0.01778938,0.01758852
2026-04-13T18:00:00Z,0,834,0.01913876,0.02147989,0.06629239,0.01746453,0.01746329,0.01781112,0.01775866,0.01754660,0.01735202
2026-04-14T00:00:00Z,0,835,0.01911589,0.02118587,0.05883628,0.01723936,0.01723049,0.01757386,0.01752331,0.01731843,0.01712972
2026-04-14T06:00:00Z,0,836,0.01909308,0.02090934,0.02251238,0.01702702,0.01701103,0.01735087,0.01730202,0.01710331,0.01692009
2026-04-14T12:00:00Z,0,837,0.01907032,0.02064843,0.03501952,0.01682617,0.01680354,0.01714061,0.01709330,0.01689987,0.01672181
2026-04-14T18:00:00Z,0,838,0.01904762,0.02040154,0.08573791,0.01663566,0.01660681,0.01694177,0.01689584,0.01670695,0.01653375
2026-04-15T00:00:00Z,0,839,0.01902497,0.02016732,0.07646533,0.01645450,0.01641981,0.01675320,0.01670854,0.01652355,0.01635494
2026-04-15T06:00:00Z,0,840,0.01900238,0.01994456,0.02957193,0.01628185,0.01624167,0.01657392,0.01653044,0.01634878,0.01618453
2026-04-15T12:00:00Z,0,841,0.01897983,0.01973223,0.03113055,0.01611694,0.01607158,0.01640308,0.01636069,0.01618190,0.01602177
2026-04-15T18:00:00Z,0,842,0.01895735,0.01952942,0.07657955,0.01595912,0.01590887,0.01623993,0.01619855,0.01602222,0.01586602
2026-04-16T00:00:00Z,0,843,0.01893491,0.01933531,0.06825904,0.01580779,0.01575293,0.01608381,0.01604338,0.01586915,0.01571670
2026-04-16T06:00:00Z,0,844,0.01891253,0.01914921,0.02631084,0.01566245,0.01560321,0.01593413,0.01589460,0.01572217,0.01557329
2026-04-16T12:00:00Z,0,845,0.01889020,0.01897047,0.01921195,0.01552263,0.01545924,0.01579037,0.01575170,0.01558080,0.01543535
2026-04-16T18:00:00Z,0,846,0.01886792,0.01879853,0.04844547,0.01538792,0.01532059,0.01565208,0.01561423,0.01544463,0.01530246
2026-04-17T00:00:00Z,1,847,0.01884570,0.01863288,0.04326008,0.01525795,0.01518687,0.01551884,0.01548177,0.01531329,0.01517425
2026-04-17T06:00:00Z,0,848,0.02000000,0.03191593,0.03130131,0.02605790,0.02645213,0.02648750,0.02638670,0.02623896,0.02582832
2026-04-17T12:00:00Z,0,849,0.01997650,0.03027988,0.01871853,0.02483182,0.02516274,0.02519207,0.02510326,0.02499382,0.02462161
2026-04-17T18:00:00Z,0,850,0.01995305,0.02898052,0.04952865,0.02385014,0.02413188,0.02416062,0.02407956,0.02399751,0.02365534
2026-04-18T00:00:00Z,0,851,0.01992966,0.02791271,0.04819675,0.02303772,0.02327978,0.02341021,0.02323602,0.02317342,0.02285560
2026-04-18T06:00:00Z,0,852,0.01990632,0.02701261,0.01697897,0.02234863,0.02255777,0.02269976,0.02252373,0.02247475,0.02217722
2026-04-18T12:00:00Z,0,853,0.01988304,0.02623879,0.01176668,0.02175292,0.02193415,0.02208708,0.02191065,0.02187100,0.02159072
2026-04-18T18:00:00Z,0,854,0.01985981,0.02556300,0.03163378,0.02123003,0.02138720,0.02155034,0.02137479,0.02134125,0.02107589
2026-04-19T00:00:00Z,0,855,0.01983664,0.02496519,0.03115236,0.02076532,0.02090147,0.02107405,0.02090045,0.02087059,0.02061832
2026-04-19T06:00:00Z,0,856,0.01981352,0.02443066,0.01098935,0.02034802,0.02046559,0.02064686,0.02047607,0.02044807,0.02020741
2026-04-19T12:00:00Z,0,857,0.01979045,0.02394834,0.01281378,0.01996997,0.02007098,0.02026024,0.02009295,0.02006541,0.01983514
2026-04-19T18:00:00Z,0,858,0.01976744,0.02350972,0.03480046,0.01962490,0.01971102,0.01990763,0.01979137,0.01971621,0.01949533
2026-04-20T00:00:00Z,0,859,0.01974448,0.02310814,0.03443207,0.01930786,0.01938050,0.01958388,0.01947212,0.01939546,0.01918311
2026-04-20T06:00:00Z,0,860,0.01972158,0.02273826,0.01221205,0.01901490,0.01907526,0.01928488,0.01917742,0.01909914,0.01889459
2026-04-20T12:00:00Z,0,861,0.01969873,0.02239579,0.02130735,0.01874280,0.01879194,0.01900732,0.01890397,0.01882399,0.01862662
2026-04-20T18:00:00Z,1,862,0.01967593,0.02207720,0.05711819,0.01848894,0.01852776,0.01874848,0.01864905,0.01856734,0.01837661
2026-04-21T00:00:00Z,0,863,0.02080925,0.03466336,0.09136818,0.03887852,0.04555300,0.03765705,0.03950809,0.03635839,0.03947358
2026-04-21T06:00:00Z,0,864,0.02078522,0.03260622,0.03013819,0.03589519,0.04200764,0.03487281,0.03621199,0.03419107,0.03048120
2026-04-21T12:00:00Z,0,865,0.02076125,0.03102400,0.04477890,0.03362070,0.03934543,0.03249661,0.03368641,0.03250364,0.02892915
2026-04-21T18:00:00Z,0,866,0.02073733,0.02975295,0.12024462,0.03180162,0.03724625,0.03058284,0.03201268,0.03113269,0.02766305
2026-04-22T00:00:00Z,0,867,0.02071346,0.02869955,0.10653344,0.03028933,0.03552358,0.02898112,0.03037276,0.02998441,0.04152162
2026-04-22T06:00:00Z,0,868,0.02068966,0.02780578,0.03644772,0.02898904,0.03405878,0.02759903,0.02894770,0.02900034,0.04000150
2026-04-22T12:00:00Z,0,869,0.02066590,0.02703338,0.03785830,0.02783638,0.03277130,0.02637452,0.02767486,0.02814177,0.03867606
2026-04-22T18:00:00Z,0,870,0.02064220,0.02635594,0.10398328,0.02678565,0.03160371,0.02526366,0.02651035,0.02738187,0.03750345
2026-04-23T00:00:00Z,0,871,0.02061856,0.02575451,0.09314695,0.03578019,0.03051371,0.03340720,0.03510708,0.03666876,0.02554396
2026-04-23T06:00:00Z,0,872,0.02059497,0.02521508,0.03191335,0.03436122,0.02946958,0.03200898,0.03357548,0.03567532,0.02488516
2026-04-23T12:00:00Z,0,873,0.02057143,0.02472706,0.02366620,0.03299315,0.02844762,0.03068045,0.03211138,0.03477109,0.02428433
2026-04-23T18:00:00Z,0,874,0.02054795,0.02428224,0.06709216,0.03165050,0.02743062,0.02939655,0.03069033,0.03394210,0.02373255
2026-04-24T00:00:00Z,0,875,0.02052452,0.02387413,0.06030525,0.02121550,0.02126012,0.02138900,0.02135208,0.02131233,0.02108944
2026-04-24T06:00:00Z,0,876,0.02050114,0.02349756,0.02036211,0.02089138,0.02092489,0.02106026,0.02102665,0.02098366,0.02076931
2026-04-24T12:00:00Z,0,877,0.02047782,0.02314831,0.01430598,0.02059016,0.02061349,0.02075480,0.02072425,0.02067827,0.02047177
2026-04-24T18:00:00Z,0,878,0.02045455,0.02282294,0.04139466,0.02030898,0.02032296,0.02046969,0.02044202,0.02039324,0.02019400
2026-04-25T00:00:00Z,0,879,0.02043133,0.02251857,0.03723352,0.02004545,0.02005081,0.02020253,0.02017755,0.02012616,0.01993366
2026-04-25T06:00:00Z,0,880,0.02040816,0.02223280,0.01243090,0.01979759,0.01979496,0.01995128,0.01992883,0.01987499,0.01968878
2026-04-25T12:00:00Z,0,881,0.02038505,0.02196357,0.00995501,0.01956369,0.01955365,0.01971422,0.01969417,0.01963803,0.01945769
2026-04-25T18:00:00Z,0,882,0.02036199,0.02170917,0.02911254,0.01934232,0.01932538,0.01948989,0.01947212,0.01941379,0.01923897
2026-04-26T00:00:00Z,0,883,0.02033898,0.02146809,0.02623307,0.01913223,0.01910884,0.01927702,0.01926141,0.01920102,0.01903139
2026-04-26T06:00:00Z,0,884,0.02031603,0.02123905,0.00872324,0.01893234,0.01890292,0.01907453,0.01906098,0.01899862,0.01883390
2026-04-26T12:00:00Z,0,885,0.02029312,0.02102092,0.01216744,0.01874172,0.01870665,0.01888145,0.01886987,0.01880564,0.01864556
2026-04-26T18:00:00Z,0,886,0.02027027,0.02081274,0.03544423,0.01855955,0.01851918,0.01869696,0.01868727,0.01862125,0.01846557
2026-04-27T00:00:00Z,0,887,0.02024747,0.02061363,0.03194623,0.01838511,0.01833975,0.01852033,0.01851244,0.01844472,0.01829323
2026-04-27T06:00:00Z,0,888,0.02022472,0.02042283,0.01065753,0.01821776,0.01816770,0.01835091,0.01834476,0.01827540,0.01812789
2026-04-27T12:00:00Z,0,889,0.02020202,0.02023968,0.02173146,0.01805694,0.01800244,0.01818812,0.01818365,0.01811272,0.01796901
2026-04-27T18:00:00Z,0,890,0.02017937,0.02006358,0.06207035,0.01790214,0.01784346,0.01803146,0.01802860,0.01795616,0.01781609
2026-04-28T00:00:00Z,1,891,0.02015677,0.01989398,0.05596668,0.01775291,0.01769028,0.01788046,0.01787917,0.01780528,0.01766869
2026-04-28T06:00:00Z,0,892,0.02125280,0.03385011,0.03189296,0.03018235,0.03054013,0.03044599,0.03031809,0.03039425,0.02994446
2026-04-28T12:00:00Z,0,893,0.02122905,0.03198044,0.04024863,0.02859855,0.02888745,0.02883813,0.02872774,0.02878465,0.02838408
2026-04-28T18:00:00Z,0,894,0.02120536,0.03053841,0.11487472,0.02737018,0.02760746,0.02759170,0.02749455,0.02753692,0.02717340
2026-04-29T00:00:00Z,0,895,0.02118172,0.02937711,0.11159594,0.03019069,0.03549233,0.03078272,0.03024153,0.02788020,0.03117719
2026-04-29T06:00:00Z,0,896,0.02115813,0.02841252,0.03638461,0.02863132,0.03368790,0.02906545,0.02857001,0.02694897,0.02471079
2026-04-29T12:00:00Z,0,897,0.02113459,0.02759245,0.03175536,0.02734380,0.03222577,0.02763449,0.02718132,0.02615034,0.02394156
2026-04-29T18:00:00Z,0,898,0.02111111,0.02688245,0.09317041,0.02625294,0.03100991,0.02641156,0.02599844,0.02545312,0.02326753
2026-04-30T00:00:00Z,0,899,0.02108768,0.02625868,0.09168495,0.02530580,0.02997298,0.02534180,0.02496739,0.02483567,0.03531989
2026-04-30T06:00:00Z,0,900,0.02106430,0.02570405,0.02981788,0.02446356,0.02906549,0.02438519,0.02404881,0.02428244,0.03443333
2026-04-30T12:00:00Z,0,901,0.02104097,0.02520588,0.01942541,0.02369674,0.02824966,0.02351161,0.02321301,0.02378184,0.03363064
2026-04-30T18:00:00Z,0,902,0.02101770,0.02475458,0.05872292,0.02298236,0.02749573,0.02269788,0.02243709,0.02332509,0.03289778
2026-05-01T00:00:00Z,0,903,0.02099448,0.02434269,0.05815297,0.03097916,0.02677972,0.03032248,0.03006248,0.03147332,0.02239827
2026-05-01T06:00:00Z,0,904,0.02097130,0.02396435,0.01860699,0.03000673,0.02608219,0.02924901,0.02905051,0.03086369,0.02196844
2026-05-01T12:00:00Z,0,905,0.02094818,0.02361485,0.01184367,0.02905475,0.02538740,0.02820957,0.02807206,0.03029725,0.02156852
2026-05-01T18:00:00Z,0,906,0.02092511,0.02329035,0.03636541,0.02810556,0.02468300,0.02718730,0.02710986,0.02976836,0.02119472
2026-05-02T00:00:00Z,0,907,0.02090209,0.02298772,0.03589141,0.02128982,0.02128047,0.02142529,0.02137283,0.02137095,0.02116728
2026-05-02T06:00:00Z,0,908,0.02087912,0.02270433,0.01128179,0.02103006,0.02101352,0.02116230,0.02111222,0.02110764,0.02091096
2026-05-02T12:00:00Z,0,909,0.02085620,0.02243798,0.00842209,0.02078559,0.02076235,0.02091482,0.02086699,0.02085986,0.02066969
2026-05-02T18:00:00Z,0,910,0.02083333,0.02218683,0.02611051,0.02055476,0.02052528,0.02068118,0.02063547,0.02062594,0.02044187
2026-05-03T00:00:00Z,0,911,0.02081051,0.02194927,0.02587405,0.02033615,0.02030083,0.02045994,0.02041625,0.02040444,0.02022609
2026-05-03T06:00:00Z,0,912,0.02078775,0.02172396,0.00811201,0.02012856,0.02008775,0.02024988,0.02020811,0.02019413,0.02002118
2026-05-03T12:00:00Z,0,913,0.02076503,0.02150969,0.01092204,0.01993092,0.01988497,0.02004992,0.02000999,0.01999395,0.01982609
2026-05-03T18:00:00Z,0,914,0.02074236,0.02130547,0.03369421,0.01974234,0.01969155,0.01985915,0.01982098,0.01980296,0.01963992
2026-05-04T00:00:00Z,0,915,0.02071974,0.02111037,0.03333622,0.01956200,0.01950664,0.01967675,0.01964027,0.01962036,0.01946189
2026-05-04T06:00:00Z,0,916,0.02069717,0.02092362,0.01048129,0.01938920,0.01932954,0.01950201,0.01946715,0.01944543,0.01929131
2026-05-04T12:00:00Z,0,917,0.02067465,0.02074452,0.02032520,0.01922332,0.01915960,0.01933429,0.01930099,0.01927753,0.01912756
2026-05-04T18:00:00Z,0,918,0.02065217,0.02057245,0.06135672,0.01906380,0.01899624,0.01917304,0.01914125,0.01911611,0.01897010
2026-05-05T00:00:00Z,0,919,0.02062975,0.02040685,0.06037857,0.01891016,0.01883897,0.01901776,0.01898742,0.01896067,0.01881845
2026-05-05T06:00:00Z,0,920,0.02060738,0.02024724,0.01921400,0.01876196,0.01868732,0.01886800,0.01883907,0.01881076,0.01867216
2026-05-05T12:00:00Z,0,921,0.02058505,0.02009318,0.02483667,0.01861880,0.01854089,0.01872335,0.01869580,0.01866597,0.01853086
2026-05-05T18:00:00Z,0,922,0.02056277,0.01994427,0.07423932,0.01848032,0.01839932,0.01858347,0.01855724,0.01852596,0.01839419
2026-05-06T00:00:00Z,0,923,0.02054054,0.01980014,0.07299574,0.01834620,0.01826227,0.01844802,0.01842307,0.01839038,0.01826183
2026-05-06T06:00:00Z,0,924,0.02051836,0.01966048,0.02340410,0.01821616,0.01812944,0.01831670,0.01829301,0.01825895,0.01813350
2026-05-06T12:00:00Z,0,925,0.02049622,0.01952498,0.02047728,0.01808992,0.01800056,0.01818925,0.01816678,0.01813140,0.01800893
2026-05-06T18:00:00Z,0,926,0.02047414,0.01939339,0.06183036,0.01796725,0.01787538,0.01806543,0.01804415,0.01800747,0.01788789
2026-05-07T00:00:00Z,0,927,0.02045210,0.01926545,0.06092908,0.01784793,0.01775368,0.01794501,0.01792488,0.01788695,0.01777017
2026-05-07T06:00:00Z,0,928,0.02043011,0.01914095,0.01942886,0.01773176,0.01763524,0.01782778,0.01780879,0.01776964,0.01765556
2026-05-07T12:00:00Z,0,929,0.02040816,0.01901967,0.01262990,0.01761855,0.01751988,0.01771357,0.01769568,0.01765534,0.01754387
2026-05-07T18:00:00Z,0,930,0.02038627,0.01890143,0.03886748,0.04259445,0.02322159,0.04308810,0.04253778,0.03894921,0.03379170
2026-05-08T00:00:00Z,0,931,0.02036442,0.01878605,0.03849645,0.04092688,0.02267372,0.04121505,0.04073639,0.03829158,0.02732460
2026-05-08T06:00:00Z,0,932,0.02034261,0.01867339,0.01216478,0.03952845,0.02219904,0.03962609,0.03921597,0.03765811,0.02689594
2026-05-08T12:00:00Z,0,933,0.02032086,0.01856327,0.00807377,0.01855135,0.02178017,0.01861895,0.01839899,0.01794414,0.01646865
2026-05-08T18:00:00Z,0,934,0.02029915,0.01845558,0.02512439,0.01893053,0.02210404,0.01922607,0.01894087,0.01780784,0.02006328
2026-05-09T00:00:00Z,0,935,0.02027748,0.01835019,0.02495442,0.01853340,0.02166831,0.01873456,0.01847916,0.01767432,0.01621255
2026-05-09T06:00:00Z,0,936,0.02025586,0.01824697,0.00784220,0.01818030,0.02129084,0.01829104,0.01806458,0.01754345,0.01607175
2026-05-09T12:00:00Z,0,937,0.02023429,0.01814582,0.00587084,0.01786044,0.02095741,0.01788412,0.01768612,0.01741512,0.01593398
2026-05-09T18:00:00Z,0,938,0.02021277,0.01804664,0.01837376,0.01756459,0.02065588,0.01750428,0.01733453,0.01728922,0.02489262
2026-05-10T00:00:00Z,0,939,0.02019129,0.01794933,0.01828681,0.01728472,0.02037562,0.01714338,0.01700189,0.01716565,0.02465853
2026-05-10T06:00:00Z,0,940,0.02016985,0.01785380,0.00573896,0.01701371,0.02010711,0.01679441,0.01668132,0.01704431,0.02442921
2026-05-10T12:00:00Z,0,941,0.02014846,0.01775998,0.00771818,0.01674521,0.01984177,0.01645130,0.01636680,0.01692512,0.02420449
2026-05-10T18:00:00Z,0,942,0.02012712,0.01766778,0.02400586,0.02258363,0.01957180,0.02196923,0.02195537,0.02285282,0.01647337
2026-05-11T00:00:00Z,0,943,0.02010582,0.01757713,0.02391520,0.02217094,0.01929021,0.02147466,0.02150305,0.02265609,0.01633283
2026-05-11T06:00:00Z,0,944,0.02008457,0.01748798,0.00751508,0.01815309,0.02083041,0.01774308,0.01834433,0.01729167,0.01912645
2026-05-11T12:00:00Z,0,945,0.02006336,0.01740024,0.01457683,0.01780668,0.02047189,0.01732955,0.01793936,0.01716035,0.01542850
2026-05-11T18:00:00Z,0,946,0.02004219,0.01731387,0.04467256,0.01749338,0.02015519,0.01695363,0.01756849,0.01703128,0.01529315
2026-05-12T00:00:00Z,0,947,0.02002107,0.01722880,0.04415283,0.01720416,0.01986894,0.01660622,0.01722270,0.01690441,0.01516047
2026-05-12T06:00:00Z,0,948,0.02000000,0.01714499,0.01399135,0.01693121,0.01960323,0.01627956,0.01689426,0.01677964,0.02362412
2026-05-12T12:00:00Z,0,949,0.01997897,0.01706238,0.01808669,0.01666763,0.01934920,0.01596698,0.01657648,0.01665692,0.02339230
2026-05-12T18:00:00Z,0,950,0.01995798,0.01698093,0.05497198,0.01640733,0.01909890,0.01566265,0.01626352,0.01653618,0.02316515
2026-05-13T00:00:00Z,0,951,0.01993704,0.01690060,0.05416153,0.01614484,0.01884509,0.01536149,0.01595031,0.01641736,0.02294250
2026-05-13T06:00:00Z,0,952,0.01991614,0.01682134,0.01724126,0.02183519,0.01858128,0.02062781,0.02145250,0.02223724,0.01566077
2026-05-13T12:00:00Z,0,953,0.01989529,0.01674311,0.01507001,0.01699667,0.01944787,0.01668267,0.01718071,0.01618468,0.01791519
2026-05-13T18:00:00Z,0,954,0.01987448,0.01666588,0.04616495,0.01668811,0.01913791,0.01631795,0.01681500,0.01607118,0.01444105
2026-05-14T00:00:00Z,0,955,0.01985371,0.01658961,0.04566580,0.01640928,0.01886517,0.01598670,0.01648015,0.01595938,0.01432347
2026-05-14T06:00:00Z,0,956,0.01983299,0.01651427,0.01448854,0.01615226,0.01861977,0.01568092,0.01616817,0.01584925,0.01420798
2026-05-14T12:00:00Z,0,957,0.01981230,0.01643982,0.00941495,0.01591019,0.01839302,0.01539376,0.01587222,0.01574072,0.02210640
2026-05-14T18:00:00Z,0,958,0.01979167,0.01636624,0.02924437,0.01567698,0.01817716,0.01511930,0.01558634,0.01563377,0.02190365
2026-05-15T00:00:00Z,0,959,0.01977107,0.01629350,0.02905272,0.01622522,0.01851430,0.01595772,0.01640894,0.01552834,0.01718129
2026-05-15T06:00:00Z,0,960,0.01975052,0.01622157,0.00917051,0.01595768,0.01825663,0.01563883,0.01608432,0.01542439,0.01382519
2026-05-15T12:00:00Z,0,961,0.01973001,0.01615042,0.00610238,0.01571680,0.01803223,0.01534992,0.01578757,0.01532190,0.01371783
2026-05-15T18:00:00Z,0,962,0.01970954,0.01608004,0.01910039,0.01549552,0.01783236,0.01508384,0.01551152,0.01522081,0.01361227
2026-05-16T00:00:00Z,0,963,0.01968912,0.01601039,0.01902905,0.01528767,0.01764927,0.01483444,0.01524997,0.01512110,0.02125333
2026-05-16T06:00:00Z,0,964,0.01966874,0.01594147,0.00598381,0.01508773,0.01747593,0.01459634,0.01499749,0.01502273,0.02106549
2026-05-16T12:00:00Z,1,965,0.01964840,0.01587323,0.00451198,0.01489073,0.01730592,0.01436477,0.01474927,0.01492567,0.02088089
2026-05-16T18:00:00Z,0,966,0.02066116,0.03072454,0.03222877,0.03210495,0.03680350,0.02976812,0.03169422,0.03171939,0.04546731
2026-05-17T00:00:00Z,0,967,0.02063983,0.02923707,0.02878803,0.03950725,0.03504095,0.03607090,0.03879919,0.03920001,0.02689371
2026-05-17T06:00:00Z,0,968,0.02061856,0.02808530,0.01054246,0.03777196,0.03361343,0.03433751,0.03697559,0.03748108,0.02576918
2026-05-17T12:00:00Z,0,969,0.02059732,0.02715450,0.01442430,0.03627529,0.03237822,0.03285143,0.03540246,0.03607375,0.02484371
2026-05-17T18:00:00Z,0,970,0.02057613,0.02637897,0.03744369,0.03491575,0.03125182,0.03151756,0.03397925,0.03488636,0.02405948
2026-05-18T00:00:00Z,0,971,0.02055498,0.02571781,0.03362915,0.02285552,0.02299091,0.02316694,0.02293440,0.02286500,0.02265035
2026-05-18T06:00:00Z,0,972,0.02053388,0.02514398,0.01246701,0.02236985,0.02248413,0.02266812,0.02244732,0.02237823,0.02217322
2026-05-18T12:00:00Z,0,973,0.02051282,0.02463872,0.02222985,0.02194055,0.02203643,0.02222740,0.02201686,0.02194799,0.02175137
2026-05-18T18:00:00Z,0,974,0.02049180,0.02418855,0.05699599,0.02155667,0.02163628,0.02183346,0.02163200,0.02156328,0.02137408
2026-05-19T00:00:00Z,0,975,0.02047083,0.02378347,0.05166419,0.02121005,0.02127513,0.02147789,0.02128457,0.02121593,0.02103334
2026-05-19T06:00:00Z,0,976,0.02044990,0.02341586,0.01928133,0.02089449,0.02094647,0.02115429,0.02096833,0.02089972,0.02072308
2026-05-19T12:00:00Z,0,977,0.02042901,0.02307982,0.02548120,0.02060514,0.02064524,0.02085767,0.02067842,0.02060979,0.02043856
2026-05-19T18:00:00Z,0,978,0.02040816,0.02277070,0.06512995,0.02033819,0.02036744,0.02058409,0.02041099,0.02034231,0.02017603
2026-05-20T00:00:00Z,0,979,0.02038736,0.02248473,0.05922171,0.02009055,0.02010983,0.02033039,0.02016297,0.02009421,0.01993247
2026-05-20T06:00:00Z,0,980,0.02036660,0.02221886,0.02231861,0.01985972,0.01986978,0.02009397,0.01993181,0.01986295,0.01970542
2026-05-20T12:00:00Z,0,981,0.02034588,0.02197060,0.02159768,0.01964361,0.01964514,0.01987269,0.01971545,0.01964646,0.01949284
2026-05-20T18:00:00Z,0,982,0.02032520,0.02173783,0.05545391,0.01944051,0.01943410,0.01966479,0.01951214,0.01944301,0.01929304
2026-05-21T00:00:00Z,0,983,0.02030457,0.02151880,0.05058794,0.01924895,0.01923513,0.01946875,0.01932043,0.01925114,0.01910459
2026-05-21T06:00:00Z,0,984,0.02028398,0.02131203,0.01903210,0.01906770,0.01904695,0.01928332,0.01913908,0.01906962,0.01892629
2026-05-21T12:00:00Z,0,985,0.02026342,0.02111623,0.01454246,0.01889572,0.01886845,0.01910741,0.01896703,0.01889738,0.01875708
2026-05-21T18:00:00Z,0,986,0.02024291,0.02093031,0.03800460,0.01873207,0.01869869,0.01894007,0.01880335,0.01873351,0.01859609
2026-05-22T00:00:00Z,0,987,0.02022245,0.02075332,0.03472440,0.01857599,0.01853684,0.01878050,0.01864727,0.01857723,0.01844254
2026-05-22T06:00:00Z,0,988,0.02020202,0.02058443,0.01298833,0.01842677,0.01838218,0.01862799,0.01849808,0.01842784,0.01829574
2026-05-22T12:00:00Z,0,989,0.02018163,0.02042293,0.01018840,0.01828383,0.01823408,0.01848193,0.01835519,0.01828474,0.01815511
2026-05-22T18:00:00Z,0,990,0.02016129,0.02026817,0.02676378,0.04358917,0.02491258,0.04219679,0.04417485,0.04294617,0.03640757
2026-05-23T00:00:00Z,0,991,0.02014099,0.02011958,0.02447654,0.04241296,0.02456593,0.04083523,0.04283246,0.04209682,0.02878102
2026-05-23T06:00:00Z,0,992,0.02012072,0.01997668,0.00907948,0.04144350,0.02427956,0.03969083,0.04169957,0.04128790,0.02828186
2026-05-23T12:00:00Z,0,993,0.02010050,0.01983901,0.00816130,0.02128672,0.02403860,0.02040965,0.02137746,0.02120458,0.01752179
2026-05-23T18:00:00Z,1,994,0.02008032,0.01970618,0.02155316,0.02111683,0.02382994,0.02012053,0.02112254,0.02101616,0.03077350
2026-05-24T00:00:00Z,0,995,0.02106319,0.02934755,0.03260086,0.03358246,0.03742997,0.03140197,0.03344471,0.03352132,0.05019458
2026-05-24T06:00:00Z,0,996,0.02104208,0.02819433,0.01133840,0.03218838,0.03575637,0.02983165,0.03195007,0.03222937,0.04804694
2026-05-24T12:00:00Z,0,997,0.02102102,0.02727351,0.01613543,0.03102928,0.03436801,0.02851225,0.03069564,0.03118418,0.04630819
2026-05-24T18:00:00Z,0,998,0.02100000,0.02651274,0.04415304,0.03001418,0.03315673,0.02735422,0.02959052,0.03030982,0.02495832
2026-05-25T00:00:00Z,0,999,0.02097902,0.02586817,0.03684230,0.02908509,0.03205401,0.02630127,0.02857731,0.02956007,0.02429742
2026-05-25T06:00:00Z,0,1000,0.02095808,0.02531138,0.01292840,0.02820281,0.03101379,0.02531596,0.02761762,0.02890485,0.02371600
2026-05-25T12:00:00Z,0,1001,0.02093719,0.02482292,0.02173976,0.03322143,0.03000420,0.02934279,0.03247774,0.03432786,0.02319709
2026-05-25T18:00:00Z,0,1002,0.02091633,0.02438900,0.05892523,0.02056030,0.02056807,0.02092205,0.02058611,0.02058538,0.02036421
2026-05-26T00:00:00Z,0,1003,0.02089552,0.02399945,0.04949451,0.02025466,0.02025268,0.02060536,0.02028190,0.02027971,0.02006935
2026-05-26T06:00:00Z,0,1004,0.02087475,0.02364663,0.01752333,0.01997657,0.01996585,0.02031742,0.02000522,0.02000167,0.01980103
2026-05-26T12:00:00Z,0,1005,0.02085402,0.02332464,0.02403509,0.01972168,0.01970308,0.02005367,0.01975171,0.01974687,0.01955507
2026-05-26T18:00:00Z,0,1006,0.02083333,0.02302881,0.06501629,0.01948656,0.01946081,0.01981052,0.01951794,0.01951189,0.01932815
2026-05-27T00:00:00Z,0,1007,0.02081269,0.02275545,0.05481684,0.01926845,0.01923617,0.01958509,0.01930116,0.01929395,0.01911763
2026-05-27T06:00:00Z,0,1008,0.02079208,0.02250155,0.01956883,0.01906511,0.01902685,0.01937504,0.01909913,0.01909082,0.01892136
2026-05-27T12:00:00Z,0,1009,0.02077151,0.02226463,0.02087951,0.01887472,0.01883094,0.01917845,0.01891001,0.01890064,0.01873756
2026-05-27T18:00:00Z,0,1010,0.02075099,0.02204264,0.05671128,0.04470966,0.02824655,0.04649112,0.04498294,0.04288303,0.03713061
2026-05-28T00:00:00Z,0,1011,0.02073050,0.02183387,0.04791036,0.04325792,0.02756081,0.04458512,0.04337617,0.04207625,0.02895390
2026-05-28T06:00:00Z,0,1012,0.02071006,0.02163685,0.01699671,0.04205363,0.02697388,0.04296547,0.04203086,0.04131288,0.02845703
2026-05-28T12:00:00Z,0,1013,0.02068966,0.02145035,0.01514376,0.02350638,0.02646307,0.02407744,0.02338892,0.02318982,0.01814141
2026-05-28T18:00:00Z,0,1014,0.02066929,0.02127331,0.04178026,0.02318573,0.02600945,0.02354132,0.02299260,0.02297550,0.03543908
2026-05-29T00:00:00Z,0,1015,0.02064897,0.02110480,0.03529715,0.02289423,0.02559686,0.02304111,0.02262855,0.02277020,0.03503708
2026-05-29T06:00:00Z,0,1016,0.02062868,0.02094402,0.01251758,0.02262058,0.02521114,0.02256478,0.02228576,0.02257310,0.03465081
2026-05-29T12:00:00Z,0,1017,0.02060844,0.02079028,0.01140828,0.02235448,0.02483970,0.02210188,0.02195440,0.02238348,0.03427891
2026-05-29T18:00:00Z,0,1018,0.02058824,0.02064296,0.03161461,0.02208651,0.02447124,0.02164333,0.02162563,0.02220072,0.01862975
2026-05-30T00:00:00Z,0,1019,0.02056807,0.02050151,0.02670328,0.02180806,0.02409565,0.02118130,0.02129149,0.02202426,0.01845134
2026-05-30T06:00:00Z,0,1020,0.02054795,0.02036546,0.00937341,0.02151138,0.02370394,0.02070917,0.02094490,0.02185359,0.01827882
2026-05-30T12:00:00Z,0,1021,0.02052786,0.02023437,0.01000455,0.02565527,0.02328843,0.02423684,0.02497519,0.02623239,0.01811177
2026-05-30T18:00:00Z,0,1022,0.02050781,0.02010787,0.02785205,0.01741584,0.01732619,0.01766457,0.01743330,0.01743118,0.01731383
2026-05-31T00:00:00Z,0,1023,0.02048780,0.01998560,0.02355455,0.01731158,0.01721919,0.01755733,0.01732996,0.01732713,0.01721292
2026-05-31T06:00:00Z,0,1024,0.02046784,0.01986726,0.00828052,0.01721051,0.01711553,0.01745340,0.01722981,0.01722627,0.01711510
2026-05-31T12:00:00Z,1,1025,0.02044791,0.01975258,0.01195630,0.01711243,0.01701498,0.01735255,0.01713262,0.01712839,0.01702015
2026-05-31T18:00:00Z,0,1026,0.02140078,0.02891683,0.05111132,0.02503551,0.02519835,0.02549823,0.02498803,0.02504791,0.02469395
2026-06-01T00:00:00Z,0,1027,0.02137998,0.02784513,0.03944646,0.02418012,0.02430607,0.02460983,0.02413686,0.02419234,0.02387136
2026-06-01T06:00:00Z,0,1028,0.02135922,0.02699328,0.01595668,0.02349529,0.02359251,0.02389941,0.02345564,0.02350752,0.02321231
2026-06-01T12:00:00Z,0,1029,0.02133851,0.02629152,0.02019517,0.02292749,0.02300144,0.02331103,0.02289105,0.02293986,0.02266558
2026-06-01T18:00:00Z,0,1030,0.02131783,0.02569809,0.04786194,0.02244453,0.02249909,0.02281104,0.02241100,0.02245714,0.02220034
2026-06-02T00:00:00Z,0,1031,0.02129719,0.02518614,0.03734706,0.02202563,0.02206369,0.02237774,0.02199480,0.02203855,0.02179668
2026-06-02T06:00:00Z,0,1032,0.02127660,0.02473743,0.01508457,0.02165662,0.02168039,0.02199638,0.02162831,0.02166992,0.02144101
2026-06-02T12:00:00Z,0,1033,0.02125604,0.02433905,0.02106596,0.02132746,0.02133870,0.02165645,0.02130153,0.02134117,0.02112368
2026-06-02T18:00:00Z,0,1034,0.02123552,0.02398157,0.05011663,0.02103076,0.02103089,0.02135026,0.02100710,0.02104492,0.02083761
2026-06-03T00:00:00Z,0,1035,0.02121504,0.02365787,0.03926478,0.04427235,0.02858398,0.04590353,0.04453651,0.04308565,0.03752167
2026-06-03T06:00:00Z,0,1036,0.02119461,0.02336248,0.01592972,0.03833612,0.02967553,0.03742135,0.03852853,0.03764223,0.03850697
2026-06-03T12:00:00Z,0,1037,0.02117421,0.02309112,0.01748476,0.02572885,0.02897322,0.02493227,0.02583260,0.02537541,0.01965627
2026-06-03T18:00:00Z,0,1038,0.02115385,0.02284035,0.04184899,0.02530318,0.02837256,0.02432455,0.02534604,0.02505901,0.01938715
2026-06-04T00:00:00Z,1,1039,0.02113353,0.02260740,0.03285090,0.02493592,0.02784901,0.02378354,0.02491697,0.02476211,0.01913387
2026-06-04T06:00:00Z,0,1040,0.02207294,0.02961705,0.01958050,0.03634090,0.04060729,0.03540415,0.03631820,0.03452302,0.03248471
2026-06-04T12:00:00Z,0,1041,0.02205177,0.02858981,0.01651050,0.03462005,0.03848511,0.03338136,0.03455586,0.03335777,0.02877005
2026-06-04T18:00:00Z,0,1042,0.02203065,0.02775801,0.04133156,0.03323253,0.03676944,0.03172164,0.03312312,0.03240159,0.02790375
2026-06-05T00:00:00Z,0,1043,0.02200957,0.02706357,0.03513780,0.03207319,0.03533231,0.03031330,0.03191604,0.03159305,0.02716539
2026-06-05T06:00:00Z,0,1044,0.02198853,0.02647038,0.01350342,0.03107275,0.03409010,0.02908366,0.03086636,0.03089379,0.04418067
2026-06-05T12:00:00Z,0,1045,0.02196753,0.02595456,0.01172781,0.03018240,0.03298449,0.02798245,0.02992626,0.03027837,0.04315475
2026-06-05T18:00:00Z,0,1046,0.02194656,0.02549955,0.02975594,0.02936598,0.03197283,0.02697331,0.02906054,0.02972909,0.04223677
2026-06-06T00:00:00Z,0,1047,0.02192564,0.02509345,0.02541297,0.02859569,0.03102283,0.02602908,0.02824240,0.02923315,0.04140589
2026-06-06T06:00:00Z,0,1048,0.02190476,0.02472742,0.00977042,0.03014384,0.02805540,0.02919395,0.02994666,0.03081665,0.02124284
2026-06-06T12:00:00Z,0,1049,0.02188392,0.02439471,0.01110276,0.02936347,0.02726840,0.02816265,0.02914106,0.03033946,0.02091989
2026-06-06T18:00:00Z,0,1050,0.02186312,0.02409010,0.02828485,0.02859663,0.02648977,0.02716480,0.02835647,0.02989794,0.02062016
2026-06-07T00:00:00Z,0,1051,0.02184236,0.02380947,0.02418808,0.02782817,0.02570847,0.02618645,0.02757779,0.02948696,0.02034042
2026-06-07T06:00:00Z,0,1052,0.02182163,0.02354947,0.00920297,0.02003991,0.02004122,0.02038924,0.01995874,0.02008290,0.01994606
2026-06-07T12:00:00Z,0,1053,0.02180095,0.02330741,0.01347596,0.01984581,0.01984371,0.02018878,0.01976831,0.01988973,0.01975899
2026-06-07T18:00:00Z,0,1054,0.02178030,0.02308105,0.03410133,0.01966366,0.01965844,0.02000076,0.01958966,0.01970850,0.01958344
2026-06-08T00:00:00Z,0,1055,0.02175970,0.02286852,0.02922142,0.01949209,0.01948398,0.01982373,0.01942142,0.01953780,0.01941807
2026-06-08T06:00:00Z,0,1056,0.02173913,0.02266826,0.01125240,0.01932991,0.01931913,0.01965646,0.01926242,0.01937646,0.01926176
2026-06-08T12:00:00Z,0,1057,0.02171860,0.02247894,0.01765487,0.01917615,0.01916288,0.01949793,0.01911169,0.01922350,0.01911354
2026-06-08T18:00:00Z,0,1058,0.02169811,0.02229943,0.04467044,0.01902993,0.01901434,0.01934722,0.01896838,0.01907806,0.01897258
2026-06-09T00:00:00Z,0,1059,0.02167766,0.02212874,0.03826184,0.01889054,0.01887277,0.01920359,0.01883178,0.01893941,0.01883819
2026-06-09T06:00:00Z,0,1060,0.02165725,0.02196603,0.01464631,0.01875733,0.01873751,0.01906637,0.01870124,0.01880691,0.01870975
2026-06-09T12:00:00Z,0,1061,0.02163688,0.02181056,0.02029377,0.01862974,0.01860798,0.01893496,0.01857623,0.01868000,0.01858671
2026-06-09T18:00:00Z,0,1062,0.02161654,0.02166168,0.05101161,0.01850728,0.01848370,0.01880887,0.01845625,0.01855819,0.01846860
2026-06-10T00:00:00Z,0,1063,0.02159624,0.02151882,0.04371789,0.01838953,0.01836422,0.01868764,0.01834088,0.01844105,0.01835502
2026-06-10T06:00:00Z,0,1064,0.02157598,0.02138148,0.01693542,0.01827611,0.01824914,0.01857088,0.01822974,0.01832821,0.01824558
2026-06-10T12:00:00Z,0,1065,0.02155576,0.02124921,0.01774119,0.01816666,0.01813812,0.01845823,0.01812250,0.01821931,0.01813997
2026-06-10T18:00:00Z,0,1066,0.02153558,0.02112161,0.04479113,0.01806090,0.01803084,0.01834938,0.01801887,0.01811407,0.01803788
2026-06-11T00:00:00Z,0,1067,0.02151543,0.02099831,0.03838115,0.01795854,0.01792704,0.01824404,0.01791856,0.01801220,0.01793906
2026-06-11T06:00:00Z,0,1068,0.02149533,0.02087901,0.01483145,0.01785935,0.01782645,0.01814195,0.01782134,0.01791346,0.01784327
2026-06-11T12:00:00Z,0,1069,0.02147526,0.02076341,0.01266041,0.01776310,0.01772886,0.01804289,0.01772699,0.01781763,0.01775029
2026-06-11T18:00:00Z,0,1070,0.02145522,0.02065125,0.03216471,0.01766960,0.01763405,0.01794665,0.01763532,0.01772451,0.01765994
2026-06-12T00:00:00Z,1,1071,0.02143523,0.02054229,0.02736821,0.02635729,0.02922551,0.02558116,0.02644811,0.02492274,0.02362278
2026-06-12T06:00:00Z,0,1072,0.02234637,0.02891130,0.01920922,0.04027211,0.04418399,0.03885197,0.03984224,0.03607675,0.03025772
2026-06-12T12:00:00Z,0,1073,0.02232558,0.02801201,0.01510083,0.03774599,0.04121562,0.03599434,0.03733910,0.03503409,0.02934119
2026-06-12T18:00:00Z,0,1074,0.02230483,0.02728060,0.03967563,0.03560099,0.03869980,0.03356372,0.03520556,0.03417311,0.02857553
2026-06-13T00:00:00Z,0,1075,0.02228412,0.02666782,0.03629913,0.03372109,0.03650062,0.03143642,0.03332953,0.03344116,0.04561144
2026-06-13T06:00:00Z,0,1076,0.02226345,0.02614287,0.01314549,0.03203028,0.03452965,0.02953229,0.03163799,0.03280513,0.04459390
2026-06-13T12:00:00Z,0,1077,0.02224282,0.02568528,0.01287997,0.03047626,0.03272646,0.02779681,0.03008097,0.03224293,0.04369058
2026-06-13T18:00:00Z,0,1078,0.02222222,0.02528078,0.03422588,0.02902196,0.03104853,0.02619179,0.02862328,0.03173911,0.04287769
2026-06-14T00:00:00Z,0,1079,0.02220167,0.02491909,0.03153304,0.03188867,0.02946554,0.02820630,0.03185458,0.03487085,0.02415683
2026-06-14T06:00:00Z,0,1080,0.02218115,0.02459254,0.01146920,0.03031321,0.02795590,0.02657213,0.03026414,0.03430067,0.02378588
2026-06-14T12:00:00Z,0,1081,0.02216066,0.02429527,0.01439812,0.02880413,0.02650460,0.02503222,0.02874402,0.03377965,0.02344161
2026-06-14T18:00:00Z,0,1082,0.02214022,0.02402274,0.03825906,0.02734610,0.02510167,0.02357123,0.02727935,0.03329440,0.02312013
2026-06-15T00:00:00Z,0,1083,0.02211982,0.02377133,0.03526272,0.01908484,0.01912304,0.01949135,0.01896847,0.01924997,0.01923792
2026-06-15T06:00:00Z,0,1084,0.02209945,0.02353813,0.01291111,0.01891806,0.01895446,0.01931855,0.01880719,0.01908405,0.01907657
2026-06-15T12:00:00Z,0,1085,0.02207912,0.02332076,0.01855347,0.01876191,0.01879660,0.01915679,0.01865615,0.01892868,0.01892545
2026-06-15T18:00:00Z,0,1086,0.02205882,0.02311726,0.04873318,0.01861510,0.01864818,0.01900472,0.01851412,0.01878259,0.01878331
2026-06-16T00:00:00Z,0,1087,0.02203857,0.02292601,0.04481000,0.01847656,0.01850810,0.01886123,0.01838006,0.01864470,0.01864912
2026-06-16T06:00:00Z,0,1088,0.02201835,0.02274560,0.01645937,0.03050581,0.03378438,0.03229154,0.03074780,0.02610303,0.02999249
2026-06-16T12:00:00Z,0,1089,0.02199817,0.02257488,0.02192206,0.04240691,0.03437036,0.04512580,0.04268870,0.03716934,0.04288925
2026-06-16T18:00:00Z,1,1090,0.02197802,0.02241284,0.05726342,0.02953465,0.03267267,0.03116845,0.02976426,0.02568602,0.02191440
2026-06-17T00:00:00Z,0,1091,0.02287283,0.02945139,0.07817757,0.03947614,0.04311465,0.04111383,0.03967449,0.03392266,0.03145879
2026-06-17T06:00:00Z,0,1092,0.02285192,0.02854046,0.02755686,0.03639814,0.03958306,0.03755541,0.03654856,0.03301178,0.03056703
2026-06-17T12:00:00Z,0,1093,0.02283105,0.02780173,0.02957570,0.03375625,0.03656359,0.03450389,0.03386658,0.03226364,0.04165235
2026-06-17T18:00:00Z,0,1094,0.02281022,0.02718408,0.07978844,0.03142707,0.03391314,0.03182071,0.03150429,0.03163056,0.04073234
2026-06-18T00:00:00Z,1,1095,0.02278943,0.02665574,0.06828047,0.02933108,0.03153960,0.02941704,0.02938167,0.03108273,0.03993179
2026-06-18T06:00:00Z,0,1096,0.02367942,0.03206434,0.03497119,0.03461075,0.03628103,0.03445689,0.03424280,0.03819187,0.05056151
2026-06-18T12:00:00Z,0,1097,0.02365787,0.03092733,0.02627132,0.03202203,0.03338844,0.03159011,0.03162502,0.03701391,0.02593221
2026-06-18T18:00:00Z,0,1098,0.02363636,0.03000566,0.07445081,0.03197043,0.03084481,0.03105292,0.03179632,0.03651163,0.02522860
2026-06-19T00:00:00Z,0,1099,0.02361490,0.02923557,0.06835476,0.02972708,0.02855806,0.02862263,0.02953356,0.03561584,0.02462740
2026-06-19T06:00:00Z,0,1100,0.02359347,0.02857733,0.02300731,0.02767993,0.02647090,0.02642327,0.02747453,0.03483849,0.02410266
2026-06-19T12:00:00Z,0,1101,0.02357208,0.02800464,0.01643964,0.02066133,0.02070183,0.02096923,0.02054870,0.02082734,0.02083469
2026-06-19T18:00:00Z,0,1102,0.02355072,0.02749924,0.04772771,0.02035002,0.02038407,0.02064696,0.02024159,0.02051302,0.02052690
2026-06-20T00:00:00Z,0,1103,0.02352941,0.02704798,0.04410032,0.02007000,0.02009836,0.02035724,0.01996539,0.02023041,0.02025002
2026-06-20T06:00:00Z,0,1104,0.02350814,0.02664107,0.01472220,0.01981576,0.01983906,0.02009435,0.01971466,0.01997393,0.01999861
2026-06-20T12:00:00Z,0,1105,0.02348690,0.02627110,0.01410593,0.01958311,0.01960187,0.01985389,0.01948526,0.01973931,0.01976853
2026-06-20T18:00:00Z,0,1106,0.02346570,0.02593227,0.04117057,0.01936875,0.01938340,0.01963245,0.01927393,0.01952323,0.01955652
2026-06-21T00:00:00Z,0,1107,0.02344454,0.02562001,0.03796662,0.01917007,0.01918099,0.01942729,0.01907808,0.01932302,0.01936001
2026-06-21T06:00:00Z,0,1108,0.02342342,0.02533064,0.01266669,0.01898496,0.01899247,0.01923623,0.01889565,0.01913655,0.01917691
2026-06-21T12:00:00Z,0,1109,0.02340234,0.02506117,0.01659890,0.01881170,0.01881607,0.01905746,0.01872491,0.01896207,0.01900552
2026-06-21T18:00:00Z,0,1110,0.02338129,0.02480911,0.04865162,0.01864885,0.01865033,0.01888950,0.01856446,0.01879813,0.01884442
2026-06-22T00:00:00Z,0,1111,0.02336029,0.02457240,0.04461033,0.01849522,0.01849402,0.01873111,0.01841312,0.01864352,0.01869243
2026-06-22T06:00:00Z,0,1112,0.02333932,0.02434933,0.01499889,0.01834981,0.01834611,0.01858123,0.01826988,0.01849721,0.01854855
2026-06-22T12:00:00Z,0,1113,0.02331839,0.02413840,0.02335506,0.01821174,0.01820572,0.01843897,0.01813390,0.01835834,0.01841193
2026-06-22T18:00:00Z,0,1114,0.02329749,0.02393836,0.06651584,0.01808030,0.01807209,0.01830356,0.01800445,0.01822615,0.01828185
2026-06-23T00:00:00Z,0,1115,0.02327663,0.02374813,0.06143738,0.01795483,0.01794458,0.01817435,0.01788089,0.01810001,0.01815767
2026-06-23T06:00:00Z,0,1116,0.02325581,0.02356677,0.02069982,0.01783479,0.01782261,0.01805075,0.01776269,0.01797935,0.01803885
2026-06-23T12:00:00Z,0,1117,0.02323503,0.02339346,0.02983820,0.01771970,0.01770570,0.01793227,0.01764937,0.01786368,0.01792491
2026-06-23T18:00:00Z,0,1118,0.02321429,0.02322748,0.08435916,0.01760913,0.01759341,0.01781846,0.01754050,0.01775257,0.01781542
2026-06-24T00:00:00Z,0,1119,0.02319358,0.02306821,0.07790650,0.01750271,0.01748535,0.01770894,0.01743571,0.01764564,0.01771002
2026-06-24T06:00:00Z,0,1120,0.02317291,0.02291507,0.02649060,0.01740010,0.01738118,0.01760336,0.01733467,0.01754256,0.01760838
2026-06-24T12:00:00Z,0,1121,0.02315227,0.02276758,0.02735723,0.01730101,0.01728060,0.01750141,0.01723710,0.01744302,0.01751020
2026-06-24T18:00:00Z,0,1122,0.02313167,0.02262530,0.07774416,0.01720517,0.01718335,0.01740281,0.01714273,0.01734676,0.01741523
2026-06-25T00:00:00Z,0,1123,0.02311111,0.02248781,0.07185134,0.01711236,0.01708917,0.01730733,0.01705132,0.01725353,0.01732322
2026-06-25T06:00:00Z,0,1124,0.02309059,0.02235478,0.02436679,0.05165208,0.04064636,0.05420741,0.05274935,0.04066408,0.04225135
2026-06-25T12:00:00Z,0,1125,0.02307010,0.02222588,0.01844982,0.03527962,0.03807155,0.03680530,0.03550586,0.02897410,0.02554332
2026-06-25T18:00:00Z,0,1126,0.02304965,0.02210082,0.05344951,0.03334631,0.03576267,0.03448892,0.03348350,0.02879076,0.02533693
2026-06-26T00:00:00Z,0,1127,0.02302923,0.02197934,0.04955071,0.03158236,0.03366489,0.03237853,0.03163844,0.02861151,0.02513546
2026-06-26T06:00:00Z,0,1128,0.02300885,0.02186119,0.01664414,0.02995224,0.03173652,0.03043415,0.02993502,0.02843610,0.03833847
2026-06-26T12:00:00Z,0,1129,0.02298851,0.02174616,0.01192608,0.02842854,0.02994554,0.02862531,0.02834580,0.02826430,0.03802427
2026-06-26T18:00:00Z,1,1130,0.02296820,0.02163406,0.03503349,0.04916849,0.04081481,0.04837697,0.04954776,0.04300933,0.04451979
2026-06-27T00:00:00Z,0,1131,0.02383054,0.03212000,0.04767057,0.07701062,0.05850764,0.07526140,0.07630339,0.06988494,0.05691925
2026-06-27T06:00:00Z,0,1132,0.02380952,0.03089258,0.01528310,0.06956789,0.05270219,0.06734098,0.06896690,0.06684822,0.05446271
2026-06-27T12:00:00Z,0,1133,0.02378855,0.02993103,0.01445635,0.06569433,0.04787339,0.06198576,0.06548516,0.06160668,0.05245798
2026-06-27T18:00:00Z,0,1134,0.02376761,0.02914666,0.04361888,0.06006973,0.04372591,0.05625536,0.05990474,0.05958816,0.07771896
2026-06-28T00:00:00Z,0,1135,0.02374670,0.02848803,0.03781857,0.05516623,0.04008033,0.05129091,0.05503180,0.05784134,0.07500691
2026-06-28T06:00:00Z,0,1136,0.02372583,0.02792279,0.01208183,0.05079669,0.03682037,0.04690075,0.05068535,0.05629939,0.07262385
2026-06-28T12:00:00Z,0,1137,0.02370500,0.02742935,0.01588178,0.04683777,0.03386744,0.04295791,0.04674573,0.05491729,0.07049750
2026-06-28T18:00:00Z,1,1138,0.02368421,0.02699262,0.04817013,0.04320637,0.03099024,0.03937588,0.04313202,0.05366335,0.03782937
2026-06-29T00:00:00Z,0,1139,0.02453988,0.03427282,0.05723324,0.06167592,0.03867376,0.05478024,0.06182194,0.07480284,0.05914575
2026-06-29T06:00:00Z,0,1140,0.02451839,0.03282802,0.01739929,0.05642882,0.03526600,0.04965007,0.05648323,0.07159541,0.05645939
2026-06-29T12:00:00Z,0,1141,0.02449694,0.03170168,0.02807130,0.08051788,0.05756304,0.07773851,0.08064502,0.06899667,0.08030053
2026-06-29T18:00:00Z,1,1142,0.02447552,0.03078625,0.08613844,0.06743712,0.04814075,0.07107806,0.06817865,0.05922488,0.04906362
2026-06-30T00:00:00Z,0,1143,0.02532751,0.03747937,0.09187744,0.08544215,0.05607057,0.08927118,0.08639413,0.07679028,0.06813651
2026-06-30T06:00:00Z,0,1144,0.02530541,0.03567405,0.02751549,0.07739618,0.05037597,0.08003880,0.07814586,0.07344739,0.06499163
2026-06-30T12:00:00Z,0,1145,0.02528335,0.03427162,0.04166671,0.07074465,0.04564152,0.07241606,0.07134219,0.07076190,0.08403816
2026-06-30T18:00:00Z,0,1146,0.02526132,0.03313525,0.12864753,0.06502852,0.04157388,0.06588813,0.06551287,0.06851657,0.08081227
2026-07-01T00:00:00Z,0,1147,0.02523934,0.03218630,0.09956279,0.05997472,0.03799845,0.06015097,0.06037804,0.06658506,0.07803417
2026-07-01T06:00:00Z,0,1148,0.02521739,0.03137568,0.03046279,0.05541064,0.03480377,0.05501283,0.05575965,0.06488784,0.07559341
2026-07-01T12:00:00Z,0,1149,0.02519548,0.03067086,0.02686117,0.05122361,0.03191525,0.05034782,0.05154006,0.06337177,0.04886599
2026-07-01T18:00:00Z,0,1150,0.02517361,0.03004925,0.08517239,0.04733918,0.02928129,0.04607152,0.04763913,0.06199969,0.04762730
2026-07-02T00:00:00Z,0,1151,0.02515178,0.02949455,0.06572228,0.04370854,0.02686528,0.04212697,0.04400335,0.06074470,0.04649811
2026-07-02T06:00:00Z,0,1152,0.02512998,0.02899468,0.01955386,0.04030029,0.02464067,0.03847574,0.04059663,0.05960740,0.04546024
2026-07-02T12:00:00Z,0,1153,0.02510823,0.02854044,0.01888241,0.01877037,0.01911545,0.01932324,0.01873810,0.01892956,0.01916451
2026-07-02T18:00:00Z,0,1154,0.02508651,0.02812468,0.06185653,0.01857975,0.01889434,0.01911475,0.01854541,0.01874078,0.01897067
2026-07-03T00:00:00Z,0,1155,0.02506482,0.02774174,0.04774422,0.01844182,0.01868937,0.01892128,0.01836651,0.01856546,0.01879061
2026-07-03T06:00:00Z,0,1156,0.02504318,0.02738708,0.01409346,0.01827614,0.01849839,0.01874076,0.01819954,0.01840183,0.01862249
2026-07-03T12:00:00Z,0,1157,0.02502157,0.02705698,0.01382573,0.01812082,0.01831963,0.01857169,0.01804302,0.01824841,0.01846483
2026-07-03T18:00:00Z,0,1158,0.02500000,0.02674839,0.04588748,0.01797462,0.01815164,0.01841265,0.01789569,0.01810399,0.01831636
2026-07-04T00:00:00Z,0,1159,0.02497847,0.02645878,0.03503698,0.01783650,0.01799318,0.01826249,0.01775652,0.01796754,0.01817606
2026-07-04T06:00:00Z,0,1160,0.02495697,0.02618600,0.01030399,0.01770558,0.01784322,0.01812024,0.01762462,0.01783819,0.01804303
2026-07-04T12:00:00Z,0,1161,0.02493551,0.02592824,0.01243533,0.01758113,0.01770089,0.01798508,0.01749925,0.01771522,0.01791653
2026-07-04T18:00:00Z,0,1162,0.02491409,0.02568394,0.04153296,0.01746250,0.01756542,0.01785632,0.01737975,0.01759799,0.01779591
2026-07-05T00:00:00Z,0,1163,0.02489270,0.02545177,0.03211507,0.01734913,0.01743616,0.01773333,0.01726557,0.01748595,0.01768061
2026-07-05T06:00:00Z,0,1164,0.02487136,0.02523057,0.00936109,0.01724054,0.01731254,0.01761559,0.01715622,0.01737862,0.01757015
2026-07-05T12:00:00Z,0,1165,0.02485004,0.02501934,0.01487216,0.01713631,0.01719406,0.01750263,0.01705128,0.01727560,0.01746408
2026-07-05T18:00:00Z,0,1166,0.02482877,0.02481719,0.04925042,0.01703608,0.01708030,0.01739406,0.01695037,0.01717651,0.01736206
2026-07-06T00:00:00Z,0,1167,0.02480753,0.02462334,0.03796672,0.01693950,0.01697086,0.01728950,0.01685316,0.01708102,0.01726373
2026-07-06T06:00:00Z,0,1168,0.02478632,0.02443711,0.01120505,0.01684629,0.01686540,0.01718864,0.01675937,0.01698886,0.01712376
2026-07-06T12:00:00Z,0,1169,0.02476516,0.02425789,0.02034601,0.01675618,0.01676361,0.01709119,0.01666872,0.01689976,0.01703399
2026-07-06T18:00:00Z,0,1170,0.02474403,0.02408513,0.06616897,0.01666896,0.01666523,0.01699690,0.01658098,0.01681350,0.01694706
2026-07-07T00:00:00Z,0,1171,0.02472293,0.02391834,0.05113238,0.01658440,0.01657001,0.01690554,0.01649595,0.01672987,0.01686276
2026-07-07T06:00:00Z,0,1172,0.02470187,0.02375709,0.01519693,0.01650233,0.01647772,0.01681690,0.01641343,0.01664869,0.01678091
2026-07-07T12:00:00Z,0,1173,0.02468085,0.02360098,0.02344534,0.01642256,0.01638817,0.01673080,0.01633326,0.01656978,0.01670133
2026-07-07T18:00:00Z,0,1174,0.02465986,0.02344966,0.07571023,0.01634496,0.01630118,0.01664707,0.01625527,0.01649300,0.01662388
2026-07-08T00:00:00Z,0,1175,0.02463891,0.02330280,0.05860590,0.01626937,0.01621658,0.01656556,0.01617927,0.01641820,0.01654841
2026-07-08T06:00:00Z,0,1176,0.02461800,0.02316011,0.01748841,0.01619568,0.01613422,0.01648613,0.01610524,0.01634527,0.01647482
2026-07-08T12:00:00Z,0,1177,0.02459712,0.02302133,0.02068892,0.01612376,0.01605397,0.01640864,0.01603302,0.01627408,0.01640297
2026-07-08T18:00:00Z,0,1178,0.02457627,0.02288620,0.06729875,0.01605352,0.01597571,0.01633299,0.01596249,0.01620454,0.01633276
2026-07-09T00:00:00Z,0,1179,0.02455546,0.02275451,0.05203004,0.01598485,0.01589931,0.01625907,0.01589356,0.01613654,0.01626410
2026-07-09T06:00:00Z,0,1180,0.02453469,0.02262606,0.01545948,0.01591767,0.01582467,0.01618677,0.01582613,0.01606999,0.01619690
2026-07-09T12:00:00Z,0,1181,0.02451395,0.02250064,0.01496698,0.01585190,0.01575170,0.01611601,0.01576013,0.01600483,0.01613108
2026-07-09T18:00:00Z,1,1182,0.02449324,0.02237809,0.04942052,0.01578746,0.01568031,0.01604671,0.01569547,0.01594096,0.01606656
2026-07-10T00:00:00Z,0,1183,0.02531646,0.03524900,0.05185565,0.02205822,0.02294929,0.02284640,0.02198608,0.02213786,0.02233418
2026-07-10T06:00:00Z,0,1184,0.02529511,0.03383276,0.01475277,0.02147757,0.02224933,0.02220016,0.02139870,0.02156428,0.02175679
2026-07-10T12:00:00Z,1,1185,0.02527380,0.03270863,0.01505821,0.02100751,0.02168503,0.02167800,0.02092338,0.02109991,0.02128886
2026-07-10T18:00:00Z,0,1186,0.02609428,0.03936075,0.06851388,0.02587141,0.02690273,0.02665821,0.02576923,0.02600398,0.02604332
2026-07-11T00:00:00Z,1,1187,0.02607233,0.03736717,0.04704266,0.02491366,0.02579009,0.02562521,0.02480647,0.02504902,0.02510387
2026-07-11T06:00:00Z,0,1188,0.02689076,0.04342753,0.02041987,0.03010136,0.03119907,0.03089927,0.03000960,0.03028226,0.03047752
2026-07-11T12:00:00Z,0,1189,0.02686818,0.04090413,0.02090544,0.02871277,0.02963483,0.02942680,0.02861131,0.02889265,0.02908737
2026-07-11T18:00:00Z,0,1190,0.02684564,0.03896389,0.06464803,0.02762872,0.02841810,0.02827892,0.02752011,0.02780770,0.02799910
2026-07-12T00:00:00Z,0,1191,0.02682313,0.03740435,0.04737598,0.02674624,0.02743056,0.02734554,0.02663207,0.02692441,0.02711140
2026-07-12T06:00:00Z,0,1192,0.02680067,0.03611056,0.01462998,0.02600610,0.02660440,0.02656343,0.02588744,0.02618353,0.02636580
2026-07-12T12:00:00Z,1,1193,0.02677824,0.03501146,0.02041357,0.02537130,0.02589738,0.02589316,0.02524889,0.02554804,0.02572561
2026-07-12T18:00:00Z,1,1194,0.02759197,0.04589034,0.08575568,0.03322524,0.03434145,0.03397758,0.03310480,0.03342515,0.03361601
2026-07-13T00:00:00Z,0,1195,0.02840434,0.04924880,0.07553617,0.03751012,0.03857718,0.03804524,0.03731017,0.03778337,0.03758920
2026-07-13T06:00:00Z,0,1196,0.02838063,0.04610115,0.02455655,0.03542293,0.03630579,0.03599418,0.03522263,0.03568596,0.03563852
2026-07-13T12:00:00Z,0,1197,0.02835696,0.04365525,0.04363004,0.03378454,0.03452810,0.03430008,0.03358430,0.03404091,0.03401660
2026-07-13T18:00:00Z,1,1198,0.02833333,0.04167702,0.12045186,0.03244808,0.03308158,0.03291913,0.03224810,0.03270062,0.03269023
2026-07-14T00:00:00Z,0,1199,0.02914238,0.05041387,0.10381902,0.04001524,0.04099133,0.04046775,0.03968659,0.04034121,0.04037884
2026-07-14T06:00:00Z,0,1200,0.02911814,0.04731136,0.03314162,0.03781121,0.03861784,0.03821081,0.03749366,0.03812283,0.03815155
2026-07-14T12:00:00Z,0,1201,0.02909393,0.04485529,0.05271614,0.03605262,0.03672893,0.03641130,0.03574429,0.03635296,0.03637791
2026-07-14T18:00:00Z,1,1202,0.02906977,0.04284286,0.14748080,0.03460198,0.03517420,0.03492780,0.03430150,0.03489311,0.03491701
2026-07-15T00:00:00Z,0,1203,0.02987552,0.05364414,0.12062042,0.04399634,0.04511202,0.04442532,0.04363678,0.04431775,0.04421291
2026-07-15T06:00:00Z,0,1204,0.02985075,0.05009856,0.03748687,0.04131693,0.04224139,0.04168761,0.04096826,0.04161836,0.04153166
2026-07-15T12:00:00Z,0,1205,0.02982601,0.04731829,0.05318917,0.03920254,0.03998164,0.03952924,0.03886320,0.03949078,0.03941561
2026-07-15T18:00:00Z,0,1206,0.02980132,0.04505639,0.15327154,0.03747313,0.03813713,0.03776519,0.03714191,0.03775080,0.03768476
2026-07-16T00:00:00Z,1,1207,0.02977667,0.04316541,0.09550193,0.03602059,0.03659066,0.03628449,0.03569654,0.03628954,0.03623103
2026-07-16T06:00:00Z,0,1208,0.03057851,0.05785241,0.04017850,0.04871091,0.04993961,0.04913286,0.04833035,0.04891642,0.04901980
2026-07-16T12:00:00Z,0,1209,0.03055326,0.05354889,0.04737411,0.04531926,0.04632059,0.04566666,0.04494598,0.04551537,0.04561019
2026-07-16T18:00:00Z,0,1210,0.03052805,0.05024969,0.14151341,0.04270438,0.04353743,0.04299805,0.04233837,0.04289345,0.04298023
2026-07-17T00:00:00Z,0,1211,0.03050289,0.04760910,0.09269120,0.04060150,0.04130398,0.04085447,0.04024244,0.04078513,0.04086447
2026-07-17T06:00:00Z,0,1212,0.03047776,0.04542877,0.02779805,0.03885800,0.03945562,0.03907899,0.03850549,0.03903733,0.03910987
2026-07-17T12:00:00Z,0,1213,0.03045267,0.04358547,0.03450268,0.03737869,0.03788986,0.03757380,0.03703229,0.03755456,0.03762090
2026-07-17T18:00:00Z,0,1214,0.03042763,0.04199797,0.10724803,0.09009063,0.06538778,0.09174075,0.09033854,0.06867724,0.07904634
2026-07-18T00:00:00Z,1,1215,0.03040263,0.04061018,0.07017341,0.07514703,0.05916225,0.07774986,0.07552709,0.06655582,0.05926861
2026-07-18T06:00:00Z,0,1216,0.03119869,0.05864585,0.02959784,0.11267275,0.08361427,0.11481299,0.11331753,0.10452875,0.09578781
2026-07-18T12:00:00Z,0,1217,0.03117309,0.05434906,0.03586315,0.11797460,0.08933754,0.11520615,0.11154135,0.10699537,0.11347003
2026-07-18T18:00:00Z,0,1218,0.03114754,0.05103563,0.11321394,0.06547024,0.07757041,0.06374214,0.06284716,0.05696301,0.05505391
2026-07-19T00:00:00Z,0,1219,0.03112203,0.04837282,0.07789742,0.05831439,0.06813214,0.05690608,0.05626779,0.05394331,0.05195384
2026-07-19T06:00:00Z,0,1220,0.03109656,0.04616757,0.02243790,0.05234850,0.06031977,0.05120762,0.05074631,0.05141452,0.04935886
2026-07-19T12:00:00Z,0,1221,0.03107114,0.04429896,0.03611542,0.04724977,0.05369876,0.04633768,0.04600095,0.04924997,0.05702621
2026-07-19T18:00:00Z,0,1222,0.03104575,0.04268678,0.11515411,0.04280796,0.04798602,0.04209449,0.04184684,0.04736514,0.05465681
2026-07-20T00:00:00Z,0,1223,0.03102041,0.04127542,0.08012408,0.03888090,0.04298962,0.03834129,0.03815810,0.04573325,0.05256789
2026-07-20T06:00:00Z,0,1224,0.03099511,0.04002488,0.02330192,0.05321340,0.06296918,0.05284364,0.05128265,0.04424285,0.04895387
2026-07-20T12:00:00Z,0,1225,0.03096985,0.03890557,0.04540751,0.04847314,0.05660336,0.04825365,0.04694677,0.04290001,0.04121239
2026-07-20T18:00:00Z,0,1226,0.03094463,0.03789504,0.14221357,0.04431689,0.05106930,0.04432476,0.04311323,0.04168017,0.03994141
2026-07-21T00:00:00Z,0,1227,0.03091945,0.03697592,0.10011353,0.04062148,0.04619431,0.04073874,0.03968061,0.04056425,0.03877807
2026-07-21T06:00:00Z,0,1228,0.03089431,0.03613449,0.02961475,0.03729808,0.04185459,0.03751603,0.03657467,0.03953713,0.04568094
2026-07-21T12:00:00Z,1,1229,0.03086921,0.03535980,0.04637519,0.03442886,0.03840987,0.03459134,0.03447609,0.03757499,0.04317655
2026-07-21T18:00:00Z,0,1230,0.03165584,0.05972406,0.19556370,0.05554655,0.06136316,0.05494104,0.05585673,0.06303126,0.07491799
2026-07-22T00:00:00Z,0,1231,0.03163017,0.05522641,0.13171116,0.04894000,0.05322212,0.04855497,0.04930959,0.05864337,0.06948969
2026-07-22T06:00:00Z,0,1232,0.03160454,0.05179187,0.04305510,0.04404326,0.04667774,0.04286238,0.04436342,0.05073545,0.04062242
2026-07-22T12:00:00Z,0,1233,0.03157895,0.04905021,0.05825373,0.03945279,0.04122694,0.03839603,0.03986476,0.04809630,0.03847348
2026-07-22T18:00:00Z,0,1234,0.03155340,0.04679069,0.16219113,0.03552120,0.03657947,0.03458154,0.03601491,0.04589816,0.03668364
2026-07-23T00:00:00Z,0,1235,0.03152789,0.04488309,0.11040587,0.03209006,0.03255393,0.03126016,0.03265458,0.04402420,0.03506343
2026-07-23T06:00:00Z,0,1236,0.03150242,0.04324195,0.03610744,0.03605080,0.03658661,0.03600255,0.03574603,0.03621889,0.03622461
2026-07-23T12:00:00Z,0,1237,0.03147700,0.04180847,0.04360571,0.03495015,0.03541222,0.03489918,0.03465051,0.03512120,0.03507845
2026-07-23T18:00:00Z,0,1238,0.03145161,0.04054064,0.12581544,0.03397365,0.03437170,0.03392043,0.03367872,0.03414725,0.03412861
2026-07-24T00:00:00Z,0,1239,0.03142627,0.03940755,0.08530547,0.03309844,0.03344026,0.03304333,0.03280786,0.03327427,0.03327047
2026-07-24T06:00:00Z,0,1240,0.03140097,0.03838585,0.02760791,0.03230720,0.03259917,0.03225047,0.03202066,0.03248500,0.03249083
2026-07-24T12:00:00Z,0,1241,0.03137570,0.03745753,0.03439224,0.05185419,0.06101294,0.05182385,0.05106427,0.04164748,0.04446964
2026-07-24T18:00:00Z,0,1242,0.03135048,0.03660843,0.10131093,0.04776754,0.05540552,0.04769419,0.04718801,0.04075566,0.03739696
2026-07-25T00:00:00Z,0,1243,0.03132530,0.03582725,0.06822503,0.04414233,0.05047662,0.04403807,0.04373629,0.03989299,0.03653744
2026-07-25T06:00:00Z,0,1244,0.03130016,0.03510483,0.02186483,0.04088347,0.04608975,0.04075858,0.04062379,0.03909085,0.03571528
2026-07-25T12:00:00Z,0,1245,0.03127506,0.03443369,0.02823501,0.04900109,0.05660368,0.04791561,0.04573732,0.04254791,0.04595426
2026-07-25T18:00:00Z,1,1246,0.03125000,0.03380759,0.08440199,0.04469258,0.05079443,0.04435315,0.04218334,0.04113561,0.03811117
2026-07-26T00:00:00Z,0,1247,0.03202562,0.05669290,0.07819543,0.09273199,0.10419746,0.07041883,0.07879562,0.09009301,0.08804773
2026-07-26T06:00:00Z,0,1248,0.03200000,0.05297488,0.02396865,0.08023422,0.08866767,0.06193183,0.06944224,0.08252249,0.08049655
2026-07-26T12:00:00Z,0,1249,0.03197442,0.05005143,0.04179358,0.07031763,0.07646374,0.05506265,0.06184169,0.07653666,0.08903339
2026-07-26T18:00:00Z,0,1250,0.03194888,0.04766820,0.12378428,0.06215897,0.06653669,0.04931353,0.05545630,0.07163853,0.08285789
2026-07-27T00:00:00Z,0,1251,0.03192338,0.04567260,0.08016485,0.05527000,0.05826038,0.04438340,0.04996070,0.06752705,0.07770290
2026-07-27T06:00:00Z,0,1252,0.03189793,0.04396667,0.02494090,0.04934199,0.05123592,0.04007890,0.04514639,0.06400732,0.07331285
2026-07-27T12:00:00Z,0,1253,0.03187251,0.04248416,0.05005190,0.04465701,0.04519586,0.03578831,0.04169298,0.05530102,0.04376326
2026-07-27T18:00:00Z,0,1254,0.03184713,0.04117840,0.14656077,0.03993496,0.03995306,0.03242875,0.03771766,0.05262685,0.04183854
2026-07-28T00:00:00Z,1,1255,0.03182180,0.04001541,0.09613604,0.03579985,0.03537152,0.02942765,0.03416111,0.05026064,0.04012460
